# index, _pos
0,"array([-4.13154438, 20.01504687])"
1,"array([-3.66430506, 21.74688588])"
2,"array([-0.96032088, 26.92053792])"
3,"array([-8.40546906, 20.04610242])"
4,"array([-5.15449184, 12.48953378])"
5,"array([-1.40318036, 20.25391296])"
6,"array([2.22075727, 8.7411012 ])"
7,"array([-0.36056266,  7.33461371])"
8,"array([ 4.75785872, 11.67728524])"
9,"array([1.09822446, 7.16407098])"
10,"array([18.33036436, 26.96796397])"
11,"array([16.29751415, 26.84517741])"
12,"array([17.35059065, 26.44460719])"
13,"array([-2.99148819, 28.78076398])"
14,"array([-7.30899912, 22.36545222])"
15,"array([-6.83610622, 25.21677414])"
16,"array([-5.91714828, 19.88907212])"
17,"array([10.06705962, 15.51974404])"
18,"array([ 9.20205366, 17.98356531])"
19,"array([-3.31022526, 17.16919097])"
20,"array([-5.11123522, 19.50068005])"
21,"array([-0.84961221, 16.39495195])"
22,"array([-2.3042007 , 15.89073801])"
23,"array([ 4.83977226, 18.77891311])"
24,"array([ 8.642398  , 17.76313535])"
25,"array([ 2.86735713, 18.43761936])"
26,"array([ 1.79674478, 20.29861086])"
27,"array([ 4.12759992, 15.65831505])"
28,"array([ 2.01833537, 16.47167681])"
29,"array([ 6.2491792 , 15.21899506])"
30,"array([ 4.77101892, 15.05299497])"
31,"array([-12.28629593,  11.71973207])"
32,"array([-10.7118486 ,  12.07865015])"
33,"array([37.27718585,  8.19701947])"
34,"array([36.68062884,  7.49470886])"
35,"array([13.09610629, 28.55815034])"
36,"array([10.58309736, 30.9738063 ])"
37,"array([14.42899092, 27.17767512])"
38,"array([14.48695451, 29.55853911])"
39,"array([11.41153076, 27.03397552])"
40,"array([11.96359813, 24.56338078])"
41,"array([10.74315092, 27.36419058])"
42,"array([15.0413073 , 29.88885172])"
43,"array([12.78084798, 30.75599502])"
44,"array([16.22005476, 29.65078047])"
45,"array([11.79768382, 21.45896303])"
46,"array([ 9.13907488, 22.30154016])"
47,"array([14.35443453, 23.42180689])"
48,"array([11.315374  , 19.86283087])"
49,"array([10.04616322, 19.43728031])"
50,"array([14.6459584 , 22.80438943])"
51,"array([11.03122061, 21.51960108])"
52,"array([13.97993998, 20.81670366])"
53,"array([14.08468084, 21.45880053])"
54,"array([13.92113585, 20.24842783])"
55,"array([ 6.97875109, 19.25631052])"
56,"array([ 1.27981003, 25.38478722])"
57,"array([ 2.64084119, 24.19396751])"
58,"array([ 0.06012944, 22.40213405])"
59,"array([ 2.02872304, 29.28973522])"
60,"array([-0.54865516, 25.89588669])"
61,"array([ 2.53477834, 22.94022275])"
62,"array([13.62855958, 18.59794229])"
63,"array([15.67179553, 17.3252873 ])"
64,"array([10.63501972, 19.82594301])"
65,"array([16.24037457, 13.38933878])"
66,"array([14.11557335, 14.22101489])"
67,"array([ -4.20377369, -13.86229077])"
68,"array([ -5.03678347, -14.38898899])"
69,"array([ -3.28771555, -13.34017497])"
70,"array([  3.42115104, -14.71690935])"
71,"array([  3.86041857, -15.39764775])"
72,"array([  3.17460448, -15.82705556])"
73,"array([  2.74702744, -15.15060317])"
74,"array([17.43757728, 30.69121003])"
75,"array([15.70131601, 29.19941051])"
76,"array([ 3.66236931, 24.37924821])"
77,"array([ 1.54588542, 22.69968357])"
78,"array([ 5.95374007, 21.90422503])"
79,"array([ 5.57368351, 21.26316884])"
80,"array([ 2.97043941, 10.87294538])"
81,"array([ 2.67372148, 13.97764309])"
82,"array([3.32979032, 8.91448533])"
83,"array([ 9.7487467 , 59.96859937])"
84,"array([ 9.38875752, 59.12344423])"
85,"array([0.4306212 , 6.42424024])"
86,"array([1.02119185, 8.0994216 ])"
87,"array([ 5.81735787, 20.26237398])"
88,"array([ 7.80632759, 20.95147759])"
89,"array([ 3.63195785, 20.9406293 ])"
90,"array([ 6.46668045, 19.74217438])"
91,"array([ 6.5758255 , 20.78702754])"
92,"array([ 6.24141164, 18.99103254])"
93,"array([ 5.56980489, 18.80207688])"
94,"array([-12.21214486, -10.80755833])"
95,"array([-13.1156309 , -10.94616069])"
96,"array([ 5.99911994, 13.2569626 ])"
97,"array([ 5.28853681, 15.14966938])"
98,"array([ 25.77701629, -16.10462685])"
99,"array([ 25.09513932, -16.71947962])"
100,"array([ 8.69585857, 25.31299984])"
101,"array([10.4012713 , 26.00270225])"
102,"array([10.86649192, 24.19659766])"
103,"array([ 7.28958478, 24.73592469])"
104,"array([ 9.80725209, 27.66285698])"
105,"array([ 8.17943599, 25.66107891])"
106,"array([ 5.65110131, 24.31388334])"
107,"array([ 10.85016622, -13.70212825])"
108,"array([ 11.36610903, -12.95755547])"
109,"array([ 11.74795161, -13.7881314 ])"
110,"array([ 4.79447547, 15.76642263])"
111,"array([ 4.70143563, 17.31083073])"
112,"array([-0.49794574, 19.49663549])"
113,"array([-5.69565225, 24.40413276])"
114,"array([-0.74345283, 23.04739964])"
115,"array([-5.36284067, 21.6379892 ])"
116,"array([-5.56803581, 21.01860594])"
117,"array([10.0543707 , 28.57570303])"
118,"array([13.21748861, 26.61905095])"
119,"array([ 9.82865793, 29.83188448])"
120,"array([10.50221723, 29.90178117])"
121,"array([ 9.48028644, 24.50590965])"
122,"array([10.10314724, 30.75771564])"
123,"array([ 9.16452591, 29.74407933])"
124,"array([11.0399487, 31.7657631])"
125,"array([ 6.97454585, 26.62263268])"
126,"array([ 9.65611083, 30.32062035])"
127,"array([10.67841297, 29.16881893])"
128,"array([ 9.10352619, 30.36822199])"
129,"array([-39.26549421,  27.48622041])"
130,"array([-39.21914361,  26.55091114])"
131,"array([-17.331046  ,  19.47285696])"
132,"array([-14.43326767,  19.90811283])"
133,"array([-19.68292118,  18.9221041 ])"
134,"array([-2.14273707, 26.5079838 ])"
135,"array([-6.5290658 , 27.33915151])"
136,"array([-10.19985049,  24.78516798])"
137,"array([-8.44010953, 28.2780312 ])"
138,"array([-4.36725004, 26.40172508])"
139,"array([-8.05453937, 27.16666536])"
140,"array([-9.00044256, 27.29006003])"
141,"array([-5.4686126 , 22.43875354])"
142,"array([-10.12932777,  25.52140924])"
143,"array([-6.41281162, 23.99821018])"
144,"array([-3.24904645, 23.82747105])"
145,"array([-5.95328419, 27.57551541])"
146,"array([-0.17076666, 21.07437049])"
147,"array([-11.1016839 ,  26.57289109])"
148,"array([-8.681022  , 24.58718745])"
149,"array([-9.30975921, 24.40196863])"
150,"array([-8.69585691, 25.32165561])"
151,"array([-9.34034104, 25.11910682])"
152,"array([-8.62145671, 25.98143201])"
153,"array([-7.78732705, 25.45376844])"
154,"array([-8.03121567, 26.44243013])"
155,"array([-9.32579652, 26.47361336])"
156,"array([-8.67134583, 26.66312404])"
157,"array([-9.32082523, 25.81240872])"
158,"array([ -1.29051514, -13.19763945])"
159,"array([ -2.32476032, -12.80268787])"
160,"array([ -0.36206159, -13.55754189])"
161,"array([17.2707317 , 27.02939815])"
162,"array([19.40971825, 27.24975661])"
163,"array([14.04551552, 26.35356352])"
164,"array([ 0.58939143, 31.21910531])"
165,"array([ 3.42808685, 34.14094623])"
166,"array([ 3.78190444, 32.00258125])"
167,"array([0.9628331 , 9.85832396])"
168,"array([ 0.84504069, 11.26067311])"
169,"array([ 1.70529184, 11.32380492])"
170,"array([ 4.24244993, 31.11145619])"
171,"array([ 4.69106438, 30.91025903])"
172,"array([ 4.33920963, 31.72371639])"
173,"array([ 4.04190442, 29.5907383 ])"
174,"array([ 5.0913082 , 31.18843283])"
175,"array([ 4.68053245, 29.32914984])"
176,"array([ 4.86028494, 31.83297154])"
177,"array([10.36483422, 20.31861393])"
178,"array([10.04188114, 18.23405196])"
179,"array([5.31346934, 4.09078315])"
180,"array([6.50649588, 4.99084647])"
181,"array([ 2.99664387, 33.67714061])"
182,"array([-16.38416001,  18.83521798])"
183,"array([-16.05499296,  20.03091006])"
184,"array([-10.00171275,  20.84104625])"
185,"array([-2.22372718, 33.74339211])"
186,"array([-1.21356308, 32.04055147])"
187,"array([12.98855081, 16.59090017])"
188,"array([15.16435424, 15.35275947])"
189,"array([10.14005899, 31.65633895])"
190,"array([6.02873329, 3.96209532])"
191,"array([16.82525841, 14.55834316])"
192,"array([13.56171245, 15.83838298])"
193,"array([19.28373945, 13.77135445])"
194,"array([7.64839466, 5.95528681])"
195,"array([ 4.15868782, 17.04765507])"
196,"array([ 6.6371564 , 15.06986791])"
197,"array([ 3.33030061, 19.18377651])"
198,"array([ 0.82115169, 18.69059322])"
199,"array([ 6.98779804, 17.29493932])"
200,"array([ 5.39883249, 15.66023708])"
201,"array([ 2.77793555, 17.91086631])"
202,"array([ 3.56684472, 15.67248432])"
203,"array([-5.31800273, 59.90723781])"
204,"array([-4.56753415, 60.43871002])"
205,"array([ 5.74430115, 29.46873158])"
206,"array([ 5.31113344, 26.02735236])"
207,"array([ 6.20370456, 32.12723503])"
208,"array([12.96237639, 12.88836894])"
209,"array([11.38632773, 14.60034056])"
210,"array([22.42770363, 28.88251272])"
211,"array([20.5112194 , 27.87784819])"
212,"array([19.13324604, 30.10206517])"
213,"array([20.994852  , 30.71505995])"
214,"array([20.77914362, 31.47097993])"
215,"array([18.08676714, 29.75151544])"
216,"array([19.50070264, 28.2087988 ])"
217,"array([18.11197678, 30.38305411])"
218,"array([17.78559707, 28.19157764])"
219,"array([-2.26560632, 27.39192505])"
220,"array([-0.32696804, 26.43377414])"
221,"array([ 0.90890862, 19.3419976 ])"
222,"array([ 4.1046802 , 22.67616259])"
223,"array([-2.23379747, 16.51339574])"
224,"array([13.26273342, 31.49894912])"
225,"array([14.69172581, 33.22239578])"
226,"array([11.30396583, 28.05279668])"
227,"array([14.09594432, 33.67513584])"
228,"array([ 3.3742184 , 62.63080572])"
229,"array([ 4.08561335, 63.29518583])"
230,"array([ 2.32160498, 29.70926137])"
231,"array([ 2.9501131, 27.1707802])"
232,"array([9.24931093, 6.48521488])"
233,"array([7.12125458, 8.28428205])"
234,"array([10.65340712,  5.22256953])"
235,"array([12.07416323, 34.23851612])"
236,"array([33.32443798,  5.86092906])"
237,"array([33.70564129,  6.67495915])"
238,"array([ 7.86198164, 37.12131543])"
239,"array([ 8.13736986, 39.06263538])"
240,"array([ 7.30108693, 34.30916275])"
241,"array([10.36469724, 21.58294343])"
242,"array([ 9.69758674, 21.69678429])"
243,"array([ 8.75018746, 20.66155669])"
244,"array([-8.62233577,  9.90375515])"
245,"array([-10.95608926,   7.53741421])"
246,"array([-9.62204856,  9.08560349])"
247,"array([-5.1592268 , 13.29068451])"
248,"array([-10.43275526,   8.93650343])"
249,"array([-9.69520302,  8.27441997])"
250,"array([ 2.61098348, 32.51908594])"
251,"array([ 2.97898777, 34.77238729])"
252,"array([ 5.72730433, 37.29363239])"
253,"array([ 4.55883205, 35.19007026])"
254,"array([ 3.01811071, 24.80963799])"
255,"array([ 1.45390829, 20.94603439])"
256,"array([ 7.74769897, 25.95432257])"
257,"array([ 2.19389504, 31.75898802])"
258,"array([-1.04901621, 29.55479926])"
259,"array([ 0.92583817, 27.31029944])"
260,"array([ 0.48116343, 27.08423668])"
261,"array([-2.82538605, 31.31188626])"
262,"array([ 0.08029394, 30.17194653])"
263,"array([-2.10334465, 31.6928009 ])"
264,"array([25.07222363, -8.97749732])"
265,"array([24.57043788, -9.78977459])"
266,"array([ 0.25157938, 11.29880072])"
267,"array([2.79980219, 7.83327582])"
268,"array([1.20942029, 8.87974076])"
269,"array([-1.65703976, 17.1165781 ])"
270,"array([ 3.60146613, 37.5945846 ])"
271,"array([10.79345855, 23.34189405])"
272,"array([ 8.7648273 , 26.34550412])"
273,"array([12.8404573 , 23.66709263])"
274,"array([-21.08420894,  51.27146935])"
275,"array([-20.86051036,  52.2838284 ])"
276,"array([10.32129605, 35.63844577])"
277,"array([11.06238631, 33.90977728])"
278,"array([ 9.23277233, 39.6591233 ])"
279,"array([10.35779627, 33.8428433 ])"
280,"array([10.03375131, 34.83889356])"
281,"array([10.62414104, 38.24221666])"
282,"array([-2.54081049, 29.14071238])"
283,"array([ 7.24495279, 22.70892424])"
284,"array([ 8.1587919 , 22.96102563])"
285,"array([-27.30158082,  41.56909954])"
286,"array([-28.21938592,  41.34058682])"
287,"array([-26.35791749,  41.82198167])"
288,"array([-11.23266994,  55.40746222])"
289,"array([-10.72028217,  56.14868069])"
290,"array([1.90420629, 4.47939566])"
291,"array([-1.71031274,  5.69550251])"
292,"array([0.55733125, 5.62796714])"
293,"array([0.37706862, 3.21981148])"
294,"array([1.45194631, 2.62889821])"
295,"array([ 5.29445295, -0.3458792 ])"
296,"array([5.66788054, 1.55609317])"
297,"array([ 8.21881897, 26.29262215])"
298,"array([12.51613945, 33.66568516])"
299,"array([ 6.71594437, 29.50250043])"
300,"array([12.46374129, 32.67451061])"
301,"array([11.76849075, 33.33737309])"
302,"array([10.99999582, 33.10990791])"
303,"array([13.1869834 , 29.67269914])"
304,"array([ 7.4714813 , 28.64443537])"
305,"array([ 9.54230731, 29.25123854])"
306,"array([14.44023922, 30.95890456])"
307,"array([11.70719079, 32.72838268])"
308,"array([ 7.50582944, 30.095398  ])"
309,"array([14.31691051, 38.29268829])"
310,"array([12.77068797, 37.05697275])"
311,"array([-2.89144205, 21.00519297])"
312,"array([-6.9074277 , 19.48851496])"
313,"array([ 0.27538942, 37.83031305])"
314,"array([ 0.11345061, 36.6748476 ])"
315,"array([ 1.5282819 , 37.40307228])"
316,"array([ 13.40587786, -20.96039752])"
317,"array([-3.00125236, 26.92303065])"
318,"array([-1.15842982, 26.17295296])"
319,"array([-6.4468176 , 26.29717465])"
320,"array([-3.50532633, 25.06103033])"
321,"array([-10.7511225 ,  28.64480336])"
322,"array([18.81809835, -9.90810591])"
323,"array([19.46191885, -9.25848073])"
324,"array([-22.74829208,  -7.96458999])"
325,"array([-22.97623907,  -8.82608604])"
326,"array([43.25046952, 31.10552167])"
327,"array([42.91545375, 31.9582954 ])"
328,"array([42.34536793, 31.24973804])"
329,"array([15.23707559, 23.77790825])"
330,"array([13.55813108, 24.02302166])"
331,"array([-2.63848806, 17.45518269])"
332,"array([-1.51309444, 12.80683731])"
333,"array([-3.84636091, 19.67354686])"
334,"array([-1.20296459, 20.91935071])"
335,"array([-4.35583587, 19.17931865])"
336,"array([-3.34045728, 18.71570622])"
337,"array([ 9.270038  , 19.98301717])"
338,"array([ 6.51788233, 27.20295392])"
339,"array([ 5.99425455, 23.13736101])"
340,"array([ 9.80738062, 22.28898516])"
341,"array([11.35023678, 22.1443379 ])"
342,"array([ 5.91317356, 12.66019253])"
343,"array([ 6.19283427, 10.01312815])"
344,"array([ 7.1312486 , 10.64452215])"
345,"array([ 6.48884719, 10.61349888])"
346,"array([-0.10978636, 24.27292189])"
347,"array([ 1.99931154, 26.06754179])"
348,"array([-2.43154413, 22.63909464])"
349,"array([-0.45404848, 22.26315484])"
350,"array([ 1.32721143, 26.46975123])"
351,"array([-8.631887  ,  7.72287855])"
352,"array([-7.38960137,  8.4859493 ])"
353,"array([ 2.72241858, 15.85001493])"
354,"array([ 4.09938654, 18.01753557])"
355,"array([ 4.42521824, 13.96796159])"
356,"array([ 3.29456688, 12.36217596])"
357,"array([ 2.23430786, 12.13121267])"
358,"array([ 9.37898889, 15.38510701])"
359,"array([ -8.07568909, -11.36035614])"
360,"array([ -8.55670005, -12.55546299])"
361,"array([24.77787124, 54.04351718])"
362,"array([23.93479826, 53.57964554])"
363,"array([-10.98186572,  27.92836174])"
364,"array([30.31495699, -2.61083296])"
365,"array([29.43466833, -2.24169008])"
366,"array([-5.10128665, 30.86111434])"
367,"array([-4.91886094, 28.68313215])"
368,"array([46.41577487, 28.462207  ])"
369,"array([45.83341967, 27.77667152])"
370,"array([-10.41780029,  18.36804727])"
371,"array([-12.23785853,  17.23495283])"
372,"array([-12.47394178,  17.92791631])"
373,"array([ 3.8989008 , 20.59430168])"
374,"array([ 5.96060569, 17.54183104])"
375,"array([ 4.19027317, 25.82744885])"
376,"array([ 2.46166564, 17.37649685])"
377,"array([-1.06794256, 19.33065641])"
378,"array([ 0.20111502, 14.1022444 ])"
379,"array([-1.16762732, 11.93073782])"
380,"array([ 1.9227855 , 17.05130169])"
381,"array([-24.85181205,   8.57090225])"
382,"array([-24.53057575,   7.80997101])"
383,"array([-23.43663921,   8.74667475])"
384,"array([ 21.39479796, -12.10444191])"
385,"array([ 21.9117358 , -12.84757192])"
386,"array([28.95948478, -7.40433584])"
387,"array([29.08931167, -6.44634379])"
388,"array([ 0.70442314, 17.31040461])"
389,"array([-17.83127722,  18.13851213])"
390,"array([-16.45288855,  12.56892401])"
391,"array([-14.92224422,  12.31450723])"
392,"array([ 4.23421174, 15.2072996 ])"
393,"array([ 3.46664356, 13.19611201])"
394,"array([ 4.20521278, 13.14314906])"
395,"array([-0.92618259, 14.94420624])"
396,"array([14.52368925,  8.56464211])"
397,"array([13.82437724, 10.20288637])"
398,"array([ 3.33726223, 27.50409752])"
399,"array([ 1.20940754, 23.6259884 ])"
400,"array([-3.58452053, 22.93615433])"
401,"array([ 8.02601784, 19.89940147])"
402,"array([ 5.61914832, 30.73681435])"
403,"array([ 5.38326508, 23.07647592])"
404,"array([ 7.65153759, 19.93817261])"
405,"array([ 3.74725567, 27.76759068])"
406,"array([ 1.27070721, 20.24511636])"
407,"array([ 2.941579  , 20.61752623])"
408,"array([ 4.90855307, 21.10488121])"
409,"array([ 3.86543762, 23.18356859])"
410,"array([-1.01500921, 22.48087166])"
411,"array([ 4.22653092, 24.18929223])"
412,"array([ 4.67073412, 22.82746026])"
413,"array([ 3.6008426, 25.0683311])"
414,"array([ 3.20015263, 24.10548772])"
415,"array([ 2.14746168, 24.08328015])"
416,"array([ 3.14214653, 25.60267056])"
417,"array([ 1.95465438, 25.40226655])"
418,"array([ 0.76137482, 25.14913168])"
419,"array([ 0.22993305, 25.80644727])"
420,"array([12.21073551, 12.6940538 ])"
421,"array([16.35187538, 26.03355565])"
422,"array([14.1382389 , 25.19845282])"
423,"array([4.00206223, 3.91237881])"
424,"array([-0.89584985, 20.48172897])"
425,"array([ 0.52859644, 22.78389582])"
426,"array([-0.81335037, 18.68384239])"
427,"array([ 0.46424715, 20.27049216])"
428,"array([ 0.03446978, 34.33752527])"
429,"array([ 1.55206461, 33.06287879])"
430,"array([ 1.45169196, 14.43440696])"
431,"array([ 0.26855125, 12.83660595])"
432,"array([ 1.32620596, 12.2458665 ])"
433,"array([ 0.95800254, 12.80213405])"
434,"array([15.49667089, 27.240626  ])"
435,"array([-1.75599344, 27.97437774])"
436,"array([20.03130709, 32.2471632 ])"
437,"array([18.43435402, 31.0929255 ])"
438,"array([ 0.77373471, 20.94018488])"
439,"array([ 4.45262606, 30.32806857])"
440,"array([19.81158759, 23.88751519])"
441,"array([17.38159762, 24.63008952])"
442,"array([-16.69854856,  59.40970867])"
443,"array([-15.81769431,  59.63775135])"
444,"array([-39.55842593,  22.45245549])"
445,"array([-39.7585086 ,  21.53967653])"
446,"array([16.68893298, 19.41680267])"
447,"array([14.17656011, 19.39403096])"
448,"array([18.84597536, 25.18325949])"
449,"array([11.07327087, 56.81221914])"
450,"array([11.96105268, 57.10246378])"
451,"array([-27.6981757 ,  37.66646348])"
452,"array([-26.84776567,  37.25298513])"
453,"array([-28.56312063,  38.12089991])"
454,"array([6.05761076, 6.28903528])"
455,"array([-13.68530684,  24.00680946])"
456,"array([-11.69095014,  23.47464826])"
457,"array([-21.60342668,  53.10992634])"
458,"array([-22.38253441,  53.93410568])"
459,"array([-19.813358  ,  52.37879084])"
460,"array([14.9700503 , 28.92986964])"
461,"array([ 2.48656679, 34.11560721])"
462,"array([-1.11140634, 30.35652754])"
463,"array([ 5.29147646, 18.04717862])"
464,"array([ 5.8683803 , 16.82121805])"
465,"array([ 4.54696129, 16.3783103 ])"
466,"array([ 5.52437811, 16.27925375])"
467,"array([ 6.85628952, 16.51757745])"
468,"array([ 6.18551612, 15.97645303])"
469,"array([ 4.96912676, 13.55724945])"
470,"array([ 7.30405758, 14.15177666])"
471,"array([ 7.66264619, 22.30458079])"
472,"array([ 0.78864878, 24.02336925])"
473,"array([ 1.66750623, 23.97250117])"
474,"array([ 9.64866072, 18.53392254])"
475,"array([11.19837077, 16.63389291])"
476,"array([ 9.15526729, 18.81862578])"
477,"array([ 8.10405778, 19.36175688])"
478,"array([-31.71534949,   2.07185371])"
479,"array([-31.01133348,   1.16946568])"
480,"array([-32.36042728,   3.11354111])"
481,"array([-31.59191964,   2.92597708])"
482,"array([-32.54252477,   2.34873936])"
483,"array([ 0.4925043 , 31.81464021])"
484,"array([-19.62269037,  48.65440147])"
485,"array([-18.78939145,  48.25473541])"
486,"array([-4.19171718, 28.06592942])"
487,"array([-4.87441776, 29.60803502])"
488,"array([ 2.95770816, 22.20066658])"
489,"array([ 3.36831728, 20.04937555])"
490,"array([ 2.13881029, 24.67421399])"
491,"array([ 14.20356823, -11.17667003])"
492,"array([ 14.90026404, -10.60434611])"
493,"array([-30.72009142,  21.28572755])"
494,"array([-30.08116417,  20.62651219])"
495,"array([17.19733437, 20.21283652])"
496,"array([14.69793213, 20.86026033])"
497,"array([-2.44883839, 32.53615586])"
498,"array([-3.93739301, 34.45657094])"
499,"array([-3.78925131, 35.30215832])"
500,"array([-3.71410799, 33.6664825 ])"
501,"array([-3.17859805, 34.35586601])"
502,"array([-4.46718701, 33.91354667])"
503,"array([-4.734999  , 35.70549427])"
504,"array([ 1.5760647 , 26.90058753])"
505,"array([-0.43023004, 29.92004631])"
506,"array([ 0.63979352, 26.1698902 ])"
507,"array([-4.11916521, 30.46033515])"
508,"array([15.81567624, 56.5504992 ])"
509,"array([16.37717819, 55.75303194])"
510,"array([15.30681264, 57.34853234])"
511,"array([19.51849042, 23.21731936])"
512,"array([19.29963035, 25.85189752])"
513,"array([19.12978503, 24.45020083])"
514,"array([18.97112069, 23.69216605])"
515,"array([19.63441091, 25.1880629 ])"
516,"array([19.96490571, 24.54806517])"
517,"array([17.9465314 , 49.25331353])"
518,"array([16.70613717, 48.7996233 ])"
519,"array([35.15311075, 39.61169225])"
520,"array([35.82698782, 40.23555075])"
521,"array([-8.20955168, 31.98371295])"
522,"array([-11.28038208,  34.70996712])"
523,"array([ 0.52800376, 35.41947053])"
524,"array([-0.07223667, 35.06735955])"
525,"array([ 0.70740458, 34.69451285])"
526,"array([ 1.19043051, 35.58724314])"
527,"array([ 1.90288335, 35.3843016 ])"
528,"array([ 5.6431316 , 31.58164379])"
529,"array([-0.56410711, 30.61929051])"
530,"array([ 2.40055969, 30.44254877])"
531,"array([ 1.40046467, 34.8090335 ])"
532,"array([7.82875606, 4.95321095])"
533,"array([ 6.01941073, 36.55775834])"
534,"array([ 4.37407593, 36.57165695])"
535,"array([ 3.53008617, 36.8218604 ])"
536,"array([ 5.25727259, 36.49407907])"
537,"array([ 5.8250307 , 33.82972936])"
538,"array([ 6.33552152, 35.30895564])"
539,"array([ 4.21125393, 37.27030826])"
540,"array([ 5.22173234, 37.84990224])"
541,"array([ 4.95900021, 37.17912046])"
542,"array([ 4.07500745, 39.56182659])"
543,"array([ 4.43716296, 37.92623166])"
544,"array([ 4.46563819, 32.49722015])"
545,"array([ 3.2621017 , 32.74365556])"
546,"array([38.22285857, 27.42721252])"
547,"array([39.12845585, 27.87810327])"
548,"array([37.39362357, 28.00391023])"
549,"array([38.18226131, 26.40784575])"
550,"array([-8.08098248, 15.79757707])"
551,"array([-6.83803983, 17.68344941])"
552,"array([-37.39039675,   9.40944785])"
553,"array([-37.30661095,  10.38749851])"
554,"array([-37.526595  ,   8.46890137])"
555,"array([ 5.74340157, 26.68224114])"
556,"array([ 3.30097453, 23.52876338])"
557,"array([ 8.5986547 , 19.36714962])"
558,"array([14.88227038, 18.03725324])"
559,"array([17.33665187, 17.57081332])"
560,"array([16.97798422, 16.91979909])"
561,"array([11.01060697, 19.4721294 ])"
562,"array([17.76525522, 29.13878735])"
563,"array([ 7.29156093, 46.30507545])"
564,"array([ 7.15383278, 48.22939043])"
565,"array([ 7.05295773, 47.40390218])"
566,"array([ 7.73965381, 43.10021157])"
567,"array([ 6.15113485, 47.45589221])"
568,"array([ 8.04696328, 47.65985984])"
569,"array([ 3.60680553, 16.75416366])"
570,"array([-2.93097324, 26.03336716])"
571,"array([-0.99528047, 25.21456756])"
572,"array([26.37411364, 17.32027416])"
573,"array([24.82354507, 17.71049566])"
574,"array([-5.90705973, 62.90334158])"
575,"array([-5.87454894, 63.81687677])"
576,"array([ 7.53460957, 16.78468043])"
577,"array([ 6.21111616, 18.25589423])"
578,"array([-36.40046618,  20.38523144])"
579,"array([-36.34994379,  21.34738743])"
580,"array([-36.40458532,  19.37826611])"
581,"array([32.92229845, 48.43804557])"
582,"array([33.08913218, 47.51001765])"
583,"array([-7.57810366, 17.7211727 ])"
584,"array([-10.01926648,  16.74031723])"
585,"array([-7.32838684, 53.84380353])"
586,"array([-8.19748438, 54.07238453])"
587,"array([8.46969257, 3.87082556])"
588,"array([5.23647033, 2.28708038])"
589,"array([7.90630108, 1.54623674])"
590,"array([5.5481387 , 3.47290287])"
591,"array([ 5.18414334, 13.01813153])"
592,"array([4.82323154, 3.51309416])"
593,"array([7.65471759, 2.92339072])"
594,"array([8.45172535, 2.85958692])"
595,"array([7.47815446, 2.23131222])"
596,"array([4.24098867, 3.21357238])"
597,"array([7.87112666, 7.36050453])"
598,"array([8.0488707 , 3.40638936])"
599,"array([8.81782831, 5.13307562])"
600,"array([7.26539417, 4.45762936])"
601,"array([8.88699989, 7.14479842])"
602,"array([9.07265768, 4.49363146])"
603,"array([ 8.45570131, 12.83163043])"
604,"array([6.54826978, 1.9511495 ])"
605,"array([5.28319898, 5.26776872])"
606,"array([6.64549118, 4.24202935])"
607,"array([8.78452872, 8.20200598])"
608,"array([8.37256691, 4.55210437])"
609,"array([6.76017535, 1.03406568])"
610,"array([4.13380822, 4.72542995])"
611,"array([5.95223204, 2.25372824])"
612,"array([7.20247822, 5.30610151])"
613,"array([8.91076808, 3.23053519])"
614,"array([5.99467362, 5.53032853])"
615,"array([4.60909475, 2.61538711])"
616,"array([6.43528639, 2.72618201])"
617,"array([4.91157054, 4.7082165 ])"
618,"array([5.75788811, 2.82045446])"
619,"array([7.84122557, 4.10096318])"
620,"array([5.77761573, 4.63982829])"
621,"array([6.78500837, 3.587587  ])"
622,"array([8.11386794, 2.40865971])"
623,"array([5.17994542, 5.99148523])"
624,"array([6.95738954, 2.38070207])"
625,"array([5.11618994, 2.95729737])"
626,"array([9.14099209, 3.83940435])"
627,"array([7.41376169, 3.61678108])"
628,"array([7.05728509, 3.01834783])"
629,"array([6.85483923, 6.07062437])"
630,"array([4.58747478, 4.12857912])"
631,"array([8.25489461, 5.55825514])"
632,"array([4.49586953, 5.41878152])"
633,"array([6.21440892, 3.29689025])"
634,"array([ 2.70526902, 26.60049684])"
635,"array([ 0.09576641, 26.73382152])"
636,"array([ 5.20645439, 26.74884183])"
637,"array([29.89555669, 51.33038473])"
638,"array([30.60420314, 51.92025468])"
639,"array([-5.90504821, 33.49086889])"
640,"array([-7.13331708, 35.08633856])"
641,"array([-3.89645081, 31.02181407])"
642,"array([17.89006162, 39.65492258])"
643,"array([19.19619821, 41.12682429])"
644,"array([16.22234495, 37.75608675])"
645,"array([10.64258802, 25.07431217])"
646,"array([ 0.53002528, 18.12327141])"
647,"array([ 2.56292618, 25.79796112])"
648,"array([ 3.40500829, 26.9334877 ])"
649,"array([11.23342225, 28.73563738])"
650,"array([13.51563368, 22.59826297])"
651,"array([14.70856165, 24.99605984])"
652,"array([15.77905661, 28.31871964])"
653,"array([16.12821006, 27.72768448])"
654,"array([16.80088885, 27.56847681])"
655,"array([10.9962589, 26.7807832])"
656,"array([16.68546685, 28.234152  ])"
657,"array([-3.16293638,  6.8976035 ])"
658,"array([11.00021787, 17.80124377])"
659,"array([ 8.66090795, 15.57035331])"
660,"array([12.92210795, 19.96848342])"
661,"array([-28.04699782,  -2.34106608])"
662,"array([-27.73105477,  -1.49702623])"
663,"array([-4.68122133,  7.44355856])"
664,"array([-3.10835428,  7.87084011])"
665,"array([-1.00682309,  3.73283062])"
666,"array([25.04540924, 31.08167606])"
667,"array([23.39292907, 29.93396615])"
668,"array([-15.40441901,  49.83281299])"
669,"array([-16.13020838,  49.30162533])"
670,"array([17.35609238, 21.0415452 ])"
671,"array([20.74361113, 23.27349097])"
672,"array([12.95551936, 19.39160376])"
673,"array([36.05205011, -0.59130844])"
674,"array([36.97340795, -0.58468764])"
675,"array([-9.57325975, 28.37305227])"
676,"array([-6.89273303, 26.68430931])"
677,"array([-11.50204734,  29.54190836])"
678,"array([ 8.00302876, 25.09505365])"
679,"array([10.37812367, 27.7540096 ])"
680,"array([ 7.14109386, 23.96958111])"
681,"array([ 6.84925405, 30.05471522])"
682,"array([ 0.90132187, 39.26231715])"
683,"array([ 7.99462626, 24.47832546])"
684,"array([12.19896802, 28.54412138])"
685,"array([ 7.56194084, 25.58481956])"
686,"array([13.4570352 , 25.41958931])"
687,"array([ 2.07954808, 39.76019946])"
688,"array([ 4.2479056 , 22.10795062])"
689,"array([ 9.52459573, 23.71245141])"
690,"array([ 2.77739351, 28.41872862])"
691,"array([-32.6178414 ,  11.96209348])"
692,"array([-33.60239921,  12.29296986])"
693,"array([13.37777603, 21.13507929])"
694,"array([10.48311765, 22.40386904])"
695,"array([15.64585376, 19.97081101])"
696,"array([-11.61762963,  32.88421229])"
697,"array([-10.23761055,  32.52446468])"
698,"array([-10.6495464 ,  31.88174162])"
699,"array([33.71494625, 42.93944335])"
700,"array([32.73710002, 42.64491769])"
701,"array([45.3982524 , 33.94270465])"
702,"array([44.92168666, 34.7342057 ])"
703,"array([-27.13091124,  34.29704477])"
704,"array([-27.74498709,  33.63678266])"
705,"array([15.45064771, 26.36754814])"
706,"array([ 2.59180123, 18.92677028])"
707,"array([ 3.00126868, 14.39415411])"
708,"array([ 2.34103272, 23.46907072])"
709,"array([22.28972321, 24.73995223])"
710,"array([20.46585449, 25.26706225])"
711,"array([-25.05036454,  48.98550585])"
712,"array([-25.446543  ,  49.86120359])"
713,"array([ 25.50866296, -13.20349371])"
714,"array([ 26.42475047, -13.23039682])"
715,"array([16.65799245, 24.30548294])"
716,"array([-32.14084296,  29.43901553])"
717,"array([-31.24536708,  29.09986425])"
718,"array([-33.0575799 ,  29.69773366])"
719,"array([-6.90241037, 29.84461694])"
720,"array([-1.53616932, 25.12390399])"
721,"array([ 2.45119632, 27.84321393])"
722,"array([ 0.99544327, 24.64913147])"
723,"array([-0.85814409, 23.88366492])"
724,"array([-0.49299826, 23.42433162])"
725,"array([ 6.68954018, 60.3981405 ])"
726,"array([ 6.92966271, 61.27633782])"
727,"array([-14.40332764,  11.08198991])"
728,"array([-12.83031084,  10.59667513])"
729,"array([-27.28625471,  46.58481631])"
730,"array([-27.36559564,  45.5818895 ])"
731,"array([15.76371341, 10.37918578])"
732,"array([13.83031701, 11.66777766])"
733,"array([-21.18742821,  19.0850945 ])"
734,"array([44.41470665, 11.47101882])"
735,"array([45.26904085, 11.14977679])"
736,"array([-0.52446405, 28.98272484])"
737,"array([35.14986722, 10.91259174])"
738,"array([34.72007212, 10.10339456])"
739,"array([ 7.35520522, 29.4848976 ])"
740,"array([-14.69759825,  37.72358258])"
741,"array([-15.76393054,  38.65911873])"
742,"array([-13.22246348,  36.42591617])"
743,"array([ 8.80744618, 44.1976868 ])"
744,"array([ 24.09009018, -10.60040584])"
745,"array([23.09244187, 53.12855406])"
746,"array([1.41234517, 6.17954788])"
747,"array([ 6.03950865, 28.18899371])"
748,"array([-2.85897022, 24.2018687 ])"
749,"array([-1.67130207, 20.72607337])"
750,"array([-4.56888235, 25.44505021])"
751,"array([22.50778129, 18.30102784])"
752,"array([-1.7994013 , 19.47057561])"
753,"array([-0.54529905, 20.74946959])"
754,"array([-2.07425695, 19.00312464])"
755,"array([11.96841474, 20.07568596])"
756,"array([ 9.53272922, 21.20425492])"
757,"array([25.02793514, 30.25250803])"
758,"array([24.23696982, 31.39085485])"
759,"array([ 7.32027147, -3.96276031])"
760,"array([ 6.89862977, -1.90819352])"
761,"array([ 7.49736098, -5.41435399])"
762,"array([-20.91734876,  18.0856536 ])"
763,"array([-3.59566546, 20.73756361])"
764,"array([-6.21763234, 20.96010357])"
765,"array([-2.25000814, 24.43559491])"
766,"array([ -8.91191328, -11.71666479])"
767,"array([ -7.72812315, -12.20114138])"
768,"array([ 2.57803239, 25.03712169])"
769,"array([ 1.03551425, 30.33165574])"
770,"array([34.20140808, -8.07743526])"
771,"array([33.89488605, -6.9337545 ])"
772,"array([ 6.6403111 , 22.38973477])"
773,"array([ 4.67795298, 18.08154866])"
774,"array([ 8.05133285, 26.80482826])"
775,"array([-12.75492257,  26.31621975])"
776,"array([-10.40138706,  26.25216867])"
777,"array([-34.21615568,  11.46403946])"
778,"array([ 7.86352001, 17.85287835])"
779,"array([12.05992398, 28.00871179])"
780,"array([-5.37853164, 15.98563898])"
781,"array([-7.37443969, 15.01083276])"
782,"array([-6.61518955, 14.74588924])"
783,"array([15.96427586, 22.69467011])"
784,"array([20.59933642,  9.31067166])"
785,"array([19.51203705,  9.84840083])"
786,"array([17.64061446, 11.08285658])"
787,"array([21.29517179,  7.79288374])"
788,"array([22.26142552,  8.1127344 ])"
789,"array([22.39198582,  9.4193958 ])"
790,"array([21.79770216,  8.78466631])"
791,"array([-32.52266816,  26.09559974])"
792,"array([-33.43466806,  26.09574206])"
793,"array([ 2.04427616, 19.67975412])"
794,"array([-0.13139967, 25.27936213])"
795,"array([-2.06936106, 25.95903119])"
796,"array([-3.79657071, 26.76337958])"
797,"array([-4.20574413, 27.23470848])"
798,"array([-8.39549448, 12.767283  ])"
799,"array([-9.81023889, 10.41397758])"
800,"array([-8.29745243, 10.93199516])"
801,"array([-12.29019366,  24.65316499])"
802,"array([ 0.87338549, 16.70000808])"
803,"array([42.85690425, 20.48289843])"
804,"array([43.1540092 , 19.60056922])"
805,"array([-1.18310818, 15.71229585])"
806,"array([-2.94336861, 11.14690084])"
807,"array([-2.27456553, 10.80017423])"
808,"array([ 3.93099962, 33.65995534])"
809,"array([ 0.13660433, 18.93568528])"
810,"array([-0.84662102, 17.33302682])"
811,"array([-7.08384199, 18.6879694 ])"
812,"array([-5.42124524, 20.25265704])"
813,"array([-5.72042442, 18.52867374])"
814,"array([-1.93967396, 18.28079188])"
815,"array([-2.84231855, 22.80131725])"
816,"array([-3.29769142, 21.41126736])"
817,"array([-4.38081242, 21.08293477])"
818,"array([-5.98459357, 19.18666038])"
819,"array([-4.79424008, 20.43291035])"
820,"array([22.59714647, 22.74891427])"
821,"array([22.49154167, 25.78755074])"
822,"array([-3.25344872, 28.20546045])"
823,"array([-5.21921636, 23.48486295])"
824,"array([-6.74299559, 22.70448993])"
825,"array([-2.16001645, 23.20737204])"
826,"array([-7.29483385, 24.1311171 ])"
827,"array([-8.3949614 , 30.87507387])"
828,"array([12.34166286, 30.35643413])"
829,"array([ 8.48831167, 30.48550941])"
830,"array([ 1.47215233, 10.42497926])"
831,"array([-1.56551285,  9.50849527])"
832,"array([ 0.4499032 , 12.07985228])"
833,"array([16.12414044, 18.92331948])"
834,"array([12.45479525, 13.92541009])"
835,"array([16.23482276, 17.89621127])"
836,"array([12.75697639, 25.89035287])"
837,"array([ 9.67190716, 25.443236  ])"
838,"array([ 8.25394445, 27.17502671])"
839,"array([ 3.30993892, 23.01941139])"
840,"array([ 3.06815108, 21.30330931])"
841,"array([ 3.86626987, 26.64545756])"
842,"array([-1.1997872 , 28.51091217])"
843,"array([-2.90503377, 30.23247427])"
844,"array([ 1.20989146, 25.97663703])"
845,"array([11.53993196, 25.30492176])"
846,"array([-0.67817396, 59.88290625])"
847,"array([ 0.27134592, 59.93704307])"
848,"array([-1.62942519, 59.81198148])"
849,"array([-9.05448373, 20.89924423])"
850,"array([-6.68865305, 21.45787505])"
851,"array([11.41767618, 18.31842424])"
852,"array([13.55429122, 17.14048166])"
853,"array([ 9.62520414, 19.23464938])"
854,"array([-18.22673433,  10.99600552])"
855,"array([-21.23780008,   9.6644671 ])"
856,"array([-22.83898502,   9.24695306])"
857,"array([-23.2256352 ,   7.79622299])"
858,"array([-22.36828063,  10.10644808])"
859,"array([-22.04901337,   8.86229135])"
860,"array([-24.1194179 ,   9.84196936])"
861,"array([ 4.36876847, 23.31563581])"
862,"array([ 4.79658266, 26.35245103])"
863,"array([ 4.37025517, 24.78265089])"
864,"array([ 4.81491204, 24.08537699])"
865,"array([ 5.07973872, 24.65198504])"
866,"array([ 8.78827371, -0.64326248])"
867,"array([-19.07172821,  -3.52921348])"
868,"array([-18.24477201,  -3.94128111])"
869,"array([18.71442764,  9.59342143])"
870,"array([18.93736461, 10.30554286])"
871,"array([-16.684979 ,  54.1224456])"
872,"array([-16.58936678,  55.12644099])"
873,"array([-15.86229899,  54.57380648])"
874,"array([-15.91276531,  53.55840161])"
875,"array([27.90099742, 29.63204989])"
876,"array([26.34649368, 29.25482594])"
877,"array([ 1.15031386, 17.74880361])"
878,"array([16.68844812, 22.76349127])"
879,"array([16.6357784 , 23.68021338])"
880,"array([29.66332924, 48.28073904])"
881,"array([29.8831906 , 47.39417072])"
882,"array([-23.75458065,   0.71921743])"
883,"array([-22.88988338,   0.40653326])"
884,"array([-9.71834333, 35.24841903])"
885,"array([-8.70627867, 33.77596519])"
886,"array([ 9.89500574, 32.37201864])"
887,"array([22.41435429, -6.86669893])"
888,"array([21.644954  , -7.34793924])"
889,"array([-28.80452084,  30.69500736])"
890,"array([-29.41668582,  31.384815  ])"
891,"array([-9.37524905, 18.03530425])"
892,"array([-8.13717422, 23.42611983])"
893,"array([ 7.03444102, 19.8282802 ])"
894,"array([10.02912789, 17.26936933])"
895,"array([11.59181178, 18.91421375])"
896,"array([10.83844513, 18.54989201])"
897,"array([ 8.29858707, 18.77296626])"
898,"array([4.79764229, 9.93454324])"
899,"array([ 6.3259408 , 16.56491016])"
900,"array([-5.30519166, 25.28114323])"
901,"array([-3.4616053 , 24.47626721])"
902,"array([14.1063625 , 35.31909723])"
903,"array([15.63054252, 36.50449487])"
904,"array([14.91951871, 37.0212074 ])"
905,"array([ 5.06398989, 28.5987107 ])"
906,"array([ 6.07427548, 30.27167456])"
907,"array([15.38348581, 21.49516048])"
908,"array([15.61606505, 22.11496153])"
909,"array([16.28710446, 22.05541584])"
910,"array([15.73838161, 20.99190793])"
911,"array([12.61712468, 17.34207461])"
912,"array([14.92529509, 20.09379299])"
913,"array([16.18546165, 21.4608732 ])"
914,"array([10.70109065, 20.97332698])"
915,"array([15.41093366, 22.88670073])"
916,"array([ 6.40844737, 20.26073851])"
917,"array([ 1.42910629, 18.64706181])"
918,"array([-4.4715432 , 57.01933049])"
919,"array([-4.86750637, 56.19660223])"
920,"array([-12.05334229,   5.88118567])"
921,"array([-12.56719459,   6.37800849])"
922,"array([ 3.71367886, 21.4403011 ])"
923,"array([-30.38277715,   0.38527647])"
924,"array([ 7.94783303, 29.73035008])"
925,"array([15.48780933, 14.49723387])"
926,"array([17.56820051, 12.12743668])"
927,"array([15.71625196, 12.61834003])"
928,"array([10.18312722, 20.99601441])"
929,"array([11.96062842, 22.62274187])"
930,"array([ 8.99192238, 21.28515021])"
931,"array([ 9.87748376, 20.0830714 ])"
932,"array([17.29429891, 23.73230981])"
933,"array([11.95080843, 36.37236761])"
934,"array([10.82463511, 34.53651588])"
935,"array([-8.15480062,  6.83183035])"
936,"array([-8.9764732 ,  6.96514995])"
937,"array([-4.87008283, 10.91568346])"
938,"array([-7.8392512 , 16.48534537])"
939,"array([-8.55851435, 16.56103166])"
940,"array([-8.55294451, 17.33592189])"
941,"array([-9.23051623, 17.17112112])"
942,"array([-1.80053869, 17.58851759])"
943,"array([-9.22995932, 16.36908622])"
944,"array([-6.52533013, 15.7622265 ])"
945,"array([-8.79962395, 15.79730293])"
946,"array([-6.20084424, 23.20202336])"
947,"array([ 9.41613213, -2.15829573])"
948,"array([-13.57809679,  23.13126552])"
949,"array([13.34376601, 32.57247754])"
950,"array([-5.21913321, 26.58424484])"
951,"array([-5.51831359, 25.99578043])"
952,"array([-7.39007256, 23.27670927])"
953,"array([11.51337552, 26.52213773])"
954,"array([11.27428633, 23.9889673 ])"
955,"array([ 8.81097128, 29.18258859])"
956,"array([ 8.96218534, 45.71713323])"
957,"array([ 9.79042518, 46.85287673])"
958,"array([ 9.65888952, 47.67025691])"
959,"array([-1.99860528, 23.86834169])"
960,"array([-3.28670047, 17.96888928])"
961,"array([12.97195712, 39.37335378])"
962,"array([11.87542254, 38.0863777 ])"
963,"array([ 7.59643899, 11.42072753])"
964,"array([12.05186419, 10.01989257])"
965,"array([8.21945847, 9.54926072])"
966,"array([13.54735457, 24.65877705])"
967,"array([11.35403071, 21.00380677])"
968,"array([ 6.28031714, 22.58528919])"
969,"array([12.92052374, 24.55335986])"
970,"array([ 9.15726203, 24.92723287])"
971,"array([ 5.17734   , 23.63283657])"
972,"array([ 7.62390925, 40.65070579])"
973,"array([ 8.24426564, 42.10657962])"
974,"array([ 7.01813763, 38.34399779])"
975,"array([-26.463516  ,  45.10781174])"
976,"array([-28.29081658,  45.15082625])"
977,"array([-34.32174228,  33.69545205])"
978,"array([-35.34203448,  33.23688436])"
979,"array([-33.38449147,  33.22816035])"
980,"array([-34.12764791,  34.70329492])"
981,"array([ 0.07790663, 32.6187481 ])"
982,"array([ 1.80701944, 30.5523173 ])"
983,"array([-16.27448115,  11.57926922])"
984,"array([13.90709748, 22.22590886])"
985,"array([11.62672785, 23.16171896])"
986,"array([-2.15541966, 29.78723781])"
987,"array([-0.89654403, 27.57476811])"
988,"array([-6.1282627 , 17.82022479])"
989,"array([-6.45717394, 18.53612222])"
990,"array([-5.97235442, 17.16716133])"
991,"array([ 6.00935244, 23.9658867 ])"
992,"array([ 9.31786441, 28.01222213])"
993,"array([ 15.42497836, -18.91789409])"
994,"array([-15.7073129 ,  55.60631289])"
995,"array([ 0.41673077, 14.81492809])"
996,"array([ 3.22396004, 14.94710954])"
997,"array([ 0.05957533, 17.41944015])"
998,"array([-2.93774781, 14.07754893])"
999,"array([ 3.33999872, 17.50649908])"
1000,"array([-0.3112381 , 12.14929012])"
1001,"array([-0.76602545, 12.84628062])"
1002,"array([-3.67534685, -1.48836685])"
1003,"array([-2.88959977,  0.49424075])"
1004,"array([-4.11028744, -2.90429667])"
1005,"array([ 5.25674243, 32.7343591 ])"
1006,"array([-33.28825382,  19.07634072])"
1007,"array([-32.59876231,  18.47271491])"
1008,"array([14.11410056, 22.79365931])"
1009,"array([12.60019495, 21.62782672])"
1010,"array([-15.54085195, -12.63031415])"
1011,"array([ 2.62293586, 12.91381306])"
1012,"array([ 2.46693686, 15.13880152])"
1013,"array([ 2.4067861 , 39.04434976])"
1014,"array([10.67186793, 13.23968231])"
1015,"array([11.85281545, 11.65053332])"
1016,"array([ 3.50267013, 42.44216622])"
1017,"array([ 3.01789447, 44.54796598])"
1018,"array([-36.0610007 ,  37.62053934])"
1019,"array([10.7647337, 30.3611831])"
1020,"array([ 9.37712151, 31.17341925])"
1021,"array([-1.038529  , 22.08991226])"
1022,"array([ 2.41672362, 21.63530451])"
1023,"array([-1.28651049, 18.24837747])"
1024,"array([ 2.53135129, 20.21841777])"
1025,"array([-1.61935874, 26.58517914])"
1026,"array([-3.20856392, 22.17078968])"
1027,"array([-2.34195805, 21.09046763])"
1028,"array([-3.15398935, 23.22342722])"
1029,"array([ 5.94686901, 31.05817521])"
1030,"array([ 4.73261579, 28.19155194])"
1031,"array([-0.43648941, 21.77033349])"
1032,"array([ 7.94032156, 44.64497992])"
1033,"array([12.03622662, 39.96229319])"
1034,"array([ 9.51183207, 20.74114595])"
1035,"array([ 8.74567558, 27.97517429])"
1036,"array([41.18013046, 17.20193277])"
1037,"array([40.35474053, 17.56227895])"
1038,"array([-5.69476758, 31.25723064])"
1039,"array([-1.88956746e-02,  2.48181136e+01])"
1040,"array([-10.46935357, -15.76495386])"
1041,"array([-11.22482198, -15.16166177])"
1042,"array([35.03159723, -7.21275693])"
1043,"array([ 6.44156736, 27.77918217])"
1044,"array([ 7.02854627, 27.88647393])"
1045,"array([ 7.09130819, 29.10582764])"
1046,"array([ 6.15450287, 28.89365048])"
1047,"array([ 5.61473031, 28.66394087])"
1048,"array([ 2.45550861, 11.50250267])"
1049,"array([2.51248159, 9.61763534])"
1050,"array([ 2.24271746, 14.53888001])"
1051,"array([-8.25019487, 20.78910395])"
1052,"array([-4.85966556, 22.61409666])"
1053,"array([ 5.22132983, 20.07605065])"
1054,"array([11.54252019, 38.63356738])"
1055,"array([13.0968968 , 41.73700783])"
1056,"array([ 8.66782667, 31.20836398])"
1057,"array([ 1.9625254 , 27.16183761])"
1058,"array([-7.3788095, 30.3294999])"
1059,"array([  9.37198544, -21.15443645])"
1060,"array([ 10.04184262, -20.53656158])"
1061,"array([-19.32196139,  -8.51006013])"
1062,"array([-19.38730289,  -7.55656728])"
1063,"array([39.24247147, 41.72348197])"
1064,"array([40.22291413, 41.5642491 ])"
1065,"array([39.23729189, 42.76194745])"
1066,"array([17.29994822, 29.90922517])"
1067,"array([11.049506  , 25.67818494])"
1068,"array([16.71657851, 30.58840752])"
1069,"array([11.65079246, 15.30539252])"
1070,"array([ 4.80255514, 63.92466622])"
1071,"array([-6.88457284, 23.25983693])"
1072,"array([-9.23381421, 19.80882035])"
1073,"array([-7.43766225, 20.09576742])"
1074,"array([-7.35998004, 21.25013354])"
1075,"array([ 7.4804729 , 13.27892959])"
1076,"array([-0.5553481 , 15.65054614])"
1077,"array([ 6.58336947, 33.33687843])"
1078,"array([ 2.1288088 , 32.71326158])"
1079,"array([ 6.48284722, -3.31713953])"
1080,"array([ 2.29067639, 28.86978361])"
1081,"array([ 1.48847974, 29.41720594])"
1082,"array([ 1.54904871, 28.68018857])"
1083,"array([ 2.83293311, 29.62820475])"
1084,"array([ 1.20995703, 28.08673561])"
1085,"array([ 3.39040592, 29.49212735])"
1086,"array([36.90542171, 46.78727399])"
1087,"array([36.45818982, 45.96668032])"
1088,"array([ 1.65333668, 15.14197339])"
1089,"array([28.39980839, 54.19574641])"
1090,"array([27.86868086, 53.45979849])"
1091,"array([12.45823225, 23.01965698])"
1092,"array([ 8.38312759, 23.50197047])"
1093,"array([-0.64232014, 32.9332762 ])"
1094,"array([-2.4369234 , 34.93798014])"
1095,"array([-1.90043541, 35.19010253])"
1096,"array([ 7.0085639 , 44.45019864])"
1097,"array([ 5.55480018, 39.80356945])"
1098,"array([4.26735941e-03, 8.27070030e+00])"
1099,"array([13.29576714, 35.5442617 ])"
1100,"array([-36.77447862,  24.4574626 ])"
1101,"array([-12.17136005,  25.58929776])"
1102,"array([15.0891599 ,  9.15899332])"
1103,"array([-4.39587349, 23.33357293])"
1104,"array([ 1.60887271, 21.43171458])"
1105,"array([ 5.67276418, 23.64877728])"
1106,"array([10.04512982, 16.23529422])"
1107,"array([ 8.35762627, 17.26793314])"
1108,"array([11.95712771, 16.48129462])"
1109,"array([10.54076004, 16.00089892])"
1110,"array([11.11254885, 17.30698639])"
1111,"array([11.31628004, 15.98640293])"
1112,"array([10.58663666, 16.64184359])"
1113,"array([25.59136512, -3.94537897])"
1114,"array([24.89006312, -4.5495869 ])"
1115,"array([ 3.55910227, 31.25972939])"
1116,"array([ 4.00842507, 28.93930479])"
1117,"array([-5.0047033 , 18.51231191])"
1118,"array([-4.96723804, 17.51534341])"
1119,"array([-2.831431  , 19.09377035])"
1120,"array([-4.79915775, 18.03695104])"
1121,"array([-4.08721856, 17.34991626])"
1122,"array([-4.16584201, 16.57658568])"
1123,"array([-6.34029977, 31.04356263])"
1124,"array([ 2.80538203, 17.08623853])"
1125,"array([ 1.04993983, 16.03637477])"
1126,"array([-0.4228462 , 56.05259685])"
1127,"array([ 0.48418918, 56.31605546])"
1128,"array([-1.34893045, 55.76512139])"
1129,"array([-0.87406417, 10.43630022])"
1130,"array([ -3.30106145, -21.07535498])"
1131,"array([ -4.21325632, -21.0373228 ])"
1132,"array([-5.82725943,  7.03537857])"
1133,"array([-5.46608684,  8.52170638])"
1134,"array([ 8.98502615, 10.12422995])"
1135,"array([ 7.96860897, 31.36171232])"
1136,"array([-7.45082912,  3.3368432 ])"
1137,"array([-8.36268997,  1.70585795])"
1138,"array([-8.94435944,  2.47369334])"
1139,"array([-5.25896432,  5.21581455])"
1140,"array([ 1.17793475, 31.48075635])"
1141,"array([-12.83610269,  -7.90112247])"
1142,"array([-11.92831694,  -7.87301396])"
1143,"array([-4.78803954, 37.1447958 ])"
1144,"array([ 6.84751929, 18.45307964])"
1145,"array([ 7.07999311, 15.78688647])"
1146,"array([-7.12069925, 31.65332725])"
1147,"array([13.77726553, 14.92599486])"
1148,"array([ 0.45642617, 29.41774858])"
1149,"array([ 0.75468214, 28.59698545])"
1150,"array([ 0.94372688, 29.12712927])"
1151,"array([ 0.21665688, 28.85942109])"
1152,"array([ 3.85509612, 30.3058809 ])"
1153,"array([ 6.74338552, 25.59512563])"
1154,"array([ 6.44195006, 24.57959658])"
1155,"array([-19.62131081,  -6.6369651 ])"
1156,"array([ 0.96718039, 37.08497859])"
1157,"array([-0.53571157, 39.01384128])"
1158,"array([-22.17155663,  54.95706639])"
1159,"array([-23.40828847,  53.7751117 ])"
1160,"array([14.82997173, 10.13916443])"
1161,"array([15.94748676, 11.20336252])"
1162,"array([15.14186784, 10.91159577])"
1163,"array([12.15933009, 25.4245031 ])"
1164,"array([11.73255259, 25.9213674 ])"
1165,"array([ 8.1958604 , 13.78400749])"
1166,"array([-22.71648504, -11.88601087])"
1167,"array([-21.83480646, -11.66586397])"
1168,"array([16.34840562, 15.62023524])"
1169,"array([14.51423272, 16.9391419 ])"
1170,"array([ 8.51668643, 32.92249476])"
1171,"array([-17.02945708,   9.20533825])"
1172,"array([-15.1838423,   9.783448 ])"
1173,"array([-18.47252783,   9.20991606])"
1174,"array([-1.60873217, 22.80201501])"
1175,"array([16.87143514, 25.50658053])"
1176,"array([16.31535983, 25.22874208])"
1177,"array([15.70995902, 25.7652705 ])"
1178,"array([ 8.9364478, 17.024894 ])"
1179,"array([ 3.48095935, 28.75484344])"
1180,"array([-22.63360139,  22.68506731])"
1181,"array([-21.15265592,  22.56991976])"
1182,"array([14.09297911, 12.4946438 ])"
1183,"array([13.009136  , 13.82337185])"
1184,"array([19.49526061, 11.07130509])"
1185,"array([-5.4941217 , 28.65788876])"
1186,"array([-3.28403058, 27.5784844 ])"
1187,"array([33.2141254 , 46.54601826])"
1188,"array([14.85949712, 21.98854694])"
1189,"array([12.93998347, 22.46311749])"
1190,"array([ 2.23459829, 20.61194627])"
1191,"array([-5.85135286,  3.60292124])"
1192,"array([-7.18697705,  2.45371849])"
1193,"array([-6.7544795 ,  1.69962117])"
1194,"array([-5.24711318,  2.18952633])"
1195,"array([-6.26809298,  2.47918028])"
1196,"array([-5.89382263,  1.57978486])"
1197,"array([10.98386322, 31.2722345 ])"
1198,"array([-11.3472722 ,  19.09865126])"
1199,"array([11.38543269, 29.5239145 ])"
1200,"array([ 5.5678992 , 14.22486063])"
1201,"array([ 4.99617259, 16.77684682])"
1202,"array([40.2637609 , 42.55508478])"
1203,"array([ 2.05160481, 17.52876987])"
1204,"array([22.07887633, 27.24152512])"
1205,"array([-37.80181487,  15.17352242])"
1206,"array([-38.03944401,  14.23576909])"
1207,"array([-38.6616677 ,  14.97497303])"
1208,"array([-38.41386471,  15.88717225])"
1209,"array([-0.89833941, 24.40933389])"
1210,"array([-1.41571239, 23.90272379])"
1211,"array([ 1.61238055, 24.78434275])"
1212,"array([-1.42997662, 23.31621388])"
1213,"array([ 0.53587926, 21.38940046])"
1214,"array([-1.86942961, 22.30547668])"
1215,"array([-3.99664397, 22.51704974])"
1216,"array([-1.97409754, 21.74556171])"
1217,"array([ -8.72878748, -19.91120553])"
1218,"array([ -9.50598257, -19.4247159 ])"
1219,"array([38.58904033, 43.56623262])"
1220,"array([ 1.77949532, 27.80693395])"
1221,"array([-2.17245898, 25.48561543])"
1222,"array([15.11291117, 24.3916181 ])"
1223,"array([15.86869812, 23.67289294])"
1224,"array([13.34029564, 19.72381692])"
1225,"array([15.47973911, 25.00084149])"
1226,"array([15.84935931, 24.39665282])"
1227,"array([31.98484406, 43.33357781])"
1228,"array([32.46621299, 41.66931729])"
1229,"array([ 6.65690497, 31.45977572])"
1230,"array([-4.90902369, 32.81297492])"
1231,"array([-5.163145  , 27.96295282])"
1232,"array([-0.42895996, 13.44318559])"
1233,"array([-2.00781273, 14.38226654])"
1234,"array([-20.95546809,  45.70687261])"
1235,"array([-21.49016193,  44.99521239])"
1236,"array([-21.9018799 ,  45.86582396])"
1237,"array([11.26667412, 24.67814518])"
1238,"array([-15.23415646, -16.98391477])"
1239,"array([-15.9867959 , -16.36347344])"
1240,"array([-14.4114779 , -17.62724714])"
1241,"array([-9.03749526, 31.90318332])"
1242,"array([-9.42415436, 31.08877895])"
1243,"array([ 5.78100175, 20.84818533])"
1244,"array([ 7.92025524, 31.99424819])"
1245,"array([13.69634889, 38.71790784])"
1246,"array([38.61065559, 14.8359886 ])"
1247,"array([37.71380514, 14.65135355])"
1248,"array([ 8.60179654, 36.74887919])"
1249,"array([ 9.21953501, 38.45378569])"
1250,"array([20.16160455, 42.1899574 ])"
1251,"array([ 6.62288102, 23.31611303])"
1252,"array([-1.78803485,  4.76735583])"
1253,"array([-1.23729011,  6.67110898])"
1254,"array([ -1.43933209, -17.70834797])"
1255,"array([ -2.40042519, -17.71949629])"
1256,"array([21.71808323, 29.40805539])"
1257,"array([23.23046798, 27.81965325])"
1258,"array([21.66530631, 28.50025195])"
1259,"array([23.92957632, 28.69099892])"
1260,"array([22.32976243, 27.99261009])"
1261,"array([-24.32202008,  -4.37649705])"
1262,"array([-23.67333793,  -3.5217215 ])"
1263,"array([  4.68742852, -21.5069905 ])"
1264,"array([  5.36309479, -20.82556213])"
1265,"array([ 7.19544025, 32.02473145])"
1266,"array([ 6.81561378, 13.06641224])"
1267,"array([ 2.89162975, 15.35738455])"
1268,"array([ 3.64956035, 58.80811998])"
1269,"array([ 4.23358538, 58.0345749 ])"
1270,"array([-11.33903837,  21.54944404])"
1271,"array([-9.15084865, 21.5531976 ])"
1272,"array([  6.54315104, -17.36685833])"
1273,"array([10.94363691, 15.19333383])"
1274,"array([-8.05593322, 19.40390319])"
1275,"array([ 6.89938512, 37.42520106])"
1276,"array([-6.72994689,  7.79264953])"
1277,"array([-5.20185565, 13.82567256])"
1278,"array([-27.3732552 ,  -9.49516317])"
1279,"array([-26.51799699,  -9.87425145])"
1280,"array([16.53493418, 28.98825948])"
1281,"array([14.3728244 , 28.17056547])"
1282,"array([ 1.78282692, 31.26223692])"
1283,"array([37.81432386, -3.80575401])"
1284,"array([38.63287059, -3.39192755])"
1285,"array([ 14.55504854, -15.12524088])"
1286,"array([ 14.5102858 , -16.03436719])"
1287,"array([-5.61326691, 32.53802444])"
1288,"array([46.19649439, 20.70223883])"
1289,"array([46.41857527, 19.81350656])"
1290,"array([36.92746976, 18.01110179])"
1291,"array([36.42208599, 17.25730856])"
1292,"array([ 5.85533443, 14.71445299])"
1293,"array([-26.54137149,   1.29253682])"
1294,"array([ 9.94864612, 26.75609016])"
1295,"array([-8.23280986,  4.95070894])"
1296,"array([-7.06684612,  6.2972137 ])"
1297,"array([36.31347988, 35.7164738 ])"
1298,"array([37.10605515, 36.38977203])"
1299,"array([35.60046041, 35.0516504 ])"
1300,"array([ 1.50240375, 16.48647231])"
1301,"array([-3.20036831, 19.56909358])"
1302,"array([-4.51870347, 21.6066147 ])"
1303,"array([-5.80148184, 30.55113903])"
1304,"array([-7.23264567, 25.76453725])"
1305,"array([-22.70046176,  46.50268882])"
1306,"array([26.60668168, 57.19798404])"
1307,"array([25.71737105, 57.41351914])"
1308,"array([-9.54581984, 22.58704801])"
1309,"array([14.0158731, 17.9898773])"
1310,"array([-0.08652002, 27.74316332])"
1311,"array([16.59307932, 47.49439299])"
1312,"array([15.74227959, 46.72738316])"
1313,"array([27.20739348, 46.70606559])"
1314,"array([26.79596334, 47.52894689])"
1315,"array([ 6.40843691, 17.65572376])"
1316,"array([ 8.84608209, 14.4609217 ])"
1317,"array([ 9.43772414, 17.66071419])"
1318,"array([37.90104682, 37.04127233])"
1319,"array([38.64893461, 37.65156248])"
1320,"array([14.09589813, 31.92622404])"
1321,"array([11.88201781, 29.00471325])"
1322,"array([15.8483851 , 34.36546043])"
1323,"array([13.77173356, 30.85222857])"
1324,"array([ 9.51248661, 31.85517401])"
1325,"array([ 9.66890911, 33.08283379])"
1326,"array([ 1.06234085, 21.67150289])"
1327,"array([10.71900317,  9.78528343])"
1328,"array([13.13736885,  8.11670551])"
1329,"array([13.32598859,  8.95694963])"
1330,"array([14.65223395,  7.57888963])"
1331,"array([12.44005574,  8.43356254])"
1332,"array([ 2.09994618, 28.30639056])"
1333,"array([12.65725952, 27.37394872])"
1334,"array([ -3.35996346, -17.73887611])"
1335,"array([18.38481645, 18.37108131])"
1336,"array([ 1.86615372, 22.03289223])"
1337,"array([ 19.45329532, -15.10613075])"
1338,"array([ 18.71450522, -15.73611703])"
1339,"array([-1.21778584, 14.19907686])"
1340,"array([-2.59214324, 21.85634015])"
1341,"array([13.45904641, 27.22174742])"
1342,"array([11.46322096, 20.43917177])"
1343,"array([12.03655297, 20.85745861])"
1344,"array([ 3.83733447, 18.62825422])"
1345,"array([-26.12571147,  -6.73293375])"
1346,"array([-26.93026884,  -6.31976226])"
1347,"array([ 3.80291542, 14.15185804])"
1348,"array([ 5.20594569, 10.74895852])"
1349,"array([-2.18134149,  3.3158923 ])"
1350,"array([-2.79451525, -0.93713667])"
1351,"array([ 4.96144146, 14.38873097])"
1352,"array([ 2.47525393, 22.24850122])"
1353,"array([-0.75347745, 28.19934755])"
1354,"array([ 3.47996517, 18.00654686])"
1355,"array([ 3.97157897, 11.41609133])"
1356,"array([ 4.50715148, 11.02100925])"
1357,"array([ 5.58311001, 11.51299977])"
1358,"array([11.79998913, 23.9101881 ])"
1359,"array([-36.21904026,  27.39704884])"
1360,"array([-36.05245178,  28.28145076])"
1361,"array([ 2.5163413 , 16.35959605])"
1362,"array([-0.51667964,  9.5100608 ])"
1363,"array([0.1921677 , 9.28753363])"
1364,"array([-13.1566159 ,   5.24142974])"
1365,"array([ 9.30772969, 26.58176498])"
1366,"array([-3.62391183, 25.86070678])"
1367,"array([14.49836979, 44.38521579])"
1368,"array([40.03277664,  2.06521225])"
1369,"array([39.24810371,  1.58525742])"
1370,"array([34.70393623,  2.97037134])"
1371,"array([34.92845725,  2.07364364])"
1372,"array([ 2.64082768, 46.05190408])"
1373,"array([ 0.99011848, 22.86358964])"
1374,"array([ 0.28454652, 23.75997001])"
1375,"array([-36.39200174,  32.81292901])"
1376,"array([ 7.82351932, 36.04954879])"
1377,"array([16.27467273, 50.00741864])"
1378,"array([17.32442464, 50.11605089])"
1379,"array([38.85441107, 20.69202975])"
1380,"array([39.75142136, 20.77929103])"
1381,"array([-3.31087395, 36.26874633])"
1382,"array([ 7.12177336, 17.99918186])"
1383,"array([ 7.84171522, 16.07340351])"
1384,"array([ 8.38715262, 16.36170436])"
1385,"array([ 5.628236, 19.424235])"
1386,"array([ 4.007247 , 19.5956847])"
1387,"array([ 4.46483432, 21.43334857])"
1388,"array([ 6.50988141, 21.40018213])"
1389,"array([ 9.04215418, 23.17816635])"
1390,"array([ 6.24513291, 26.10375543])"
1391,"array([11.07605674, 22.69308008])"
1392,"array([ 8.944674  , 24.01776604])"
1393,"array([10.07530677, 23.49766047])"
1394,"array([10.03723311, 24.14591138])"
1395,"array([17.3197244, 22.0564701])"
1396,"array([-0.10978144, 31.56304344])"
1397,"array([ 0.51471037, 30.63209157])"
1398,"array([ 1.08310721, 32.06292823])"
1399,"array([ 1.67170668, 32.00938829])"
1400,"array([ 2.79457292, 31.652572  ])"
1401,"array([-0.03375982, 30.97721247])"
1402,"array([ 2.14473341, 26.57603769])"
1403,"array([ 1.19507597, 30.9044499 ])"
1404,"array([ 2.43579415, 31.12668103])"
1405,"array([ 0.71929756, 32.78467533])"
1406,"array([-12.58423744,  35.8513494 ])"
1407,"array([ 9.78823932, 11.48063152])"
1408,"array([-12.04011389, -14.55540284])"
1409,"array([ 4.58963572, 26.93219893])"
1410,"array([ 5.94437567, 25.13689015])"
1411,"array([ 9.13330429, 25.57542153])"
1412,"array([12.8441262 , 15.84756858])"
1413,"array([20.48182197, 58.02792461])"
1414,"array([21.41583431, 57.40096498])"
1415,"array([19.35107996, 58.0041553 ])"
1416,"array([20.09462272, 59.09861256])"
1417,"array([21.37983163, 58.72755536])"
1418,"array([20.18951922, 56.93673013])"
1419,"array([ 0.14563633, 39.39993732])"
1420,"array([ 6.35700386, 14.02490739])"
1421,"array([ 7.41188129, 12.32688762])"
1422,"array([ 6.99742951, 11.78845034])"
1423,"array([ 8.85980427, 27.29056923])"
1424,"array([-2.65401593, 28.01394071])"
1425,"array([ 8.12603885, 23.98174654])"
1426,"array([ -2.41072172, -11.77111249])"
1427,"array([13.63378103, 28.91412915])"
1428,"array([15.25849134, 30.63912346])"
1429,"array([10.3401587 , 14.61410361])"
1430,"array([10.3436568 , 17.74844266])"
1431,"array([ 9.23395103, 32.51504954])"
1432,"array([-11.18666562,  19.85977345])"
1433,"array([12.70883471, 26.59530045])"
1434,"array([ 3.704689  , 25.97600759])"
1435,"array([-2.27266821, 28.54424122])"
1436,"array([-2.5637475 , 23.78272255])"
1437,"array([-1.82871751, 29.03865011])"
1438,"array([-34.72829462,  40.57527466])"
1439,"array([-34.65161128,  41.49163315])"
1440,"array([ 5.58980343, 27.74799351])"
1441,"array([ 4.0747514 , 28.44713795])"
1442,"array([-33.97666999,  -1.19756207])"
1443,"array([-33.35040696,  -1.86945878])"
1444,"array([-1.77587866, 24.58819467])"
1445,"array([13.12010469, 60.40397082])"
1446,"array([-13.642357  ,  19.22269496])"
1447,"array([-11.99705817,  20.28913007])"
1448,"array([ 0.35081519, 10.7083726 ])"
1449,"array([-8.8253512 , 18.61709513])"
1450,"array([-10.95122972,  17.65595654])"
1451,"array([40.95905413, 10.18915565])"
1452,"array([41.80892886, 10.51022783])"
1453,"array([ 6.66056907, 28.5877017 ])"
1454,"array([-25.87312933,  50.7049781 ])"
1455,"array([ 8.44062272, 21.52812344])"
1456,"array([ 7.1932379 , 20.58833508])"
1457,"array([ 0.79202335, 13.82175377])"
1458,"array([-7.75852329, 40.59376674])"
1459,"array([-8.87643992, 42.44585489])"
1460,"array([-6.40252381, 38.36716948])"
1461,"array([37.2959676 ,  4.42757212])"
1462,"array([38.25544893,  4.5548804 ])"
1463,"array([15.00980958, 31.73712179])"
1464,"array([14.06293174, 30.27135067])"
1465,"array([-6.37537236, 22.23902423])"
1466,"array([-4.19167713, 12.56325359])"
1467,"array([-3.60898552, 14.36509458])"
1468,"array([11.9506439, 32.073347 ])"
1469,"array([39.84690122, 33.99115581])"
1470,"array([-9.77956249, 43.93120917])"
1471,"array([ 1.26229258, 17.0789121 ])"
1472,"array([13.34275736, 17.89102509])"
1473,"array([ 5.04898362, 34.28296481])"
1474,"array([ 4.3752939 , 34.32159779])"
1475,"array([ 3.82120116, 34.64064314])"
1476,"array([ 0.65448791, 39.97794923])"
1477,"array([-12.2356966 ,  51.89201549])"
1478,"array([-11.35530621,  52.13670818])"
1479,"array([ 8.83172866, 32.03552786])"
1480,"array([11.57472182, 31.28075809])"
1481,"array([11.41416535, 30.6244061 ])"
1482,"array([10.48608059, 32.19496494])"
1483,"array([25.64881877, 50.53089706])"
1484,"array([ 7.36821044, 31.28270263])"
1485,"array([ 0.17598981, 21.84517437])"
1486,"array([-10.66040087,   9.933504  ])"
1487,"array([-12.92197878,  34.96209538])"
1488,"array([-11.73327421,  36.28479772])"
1489,"array([ 1.40345433, 39.92901079])"
1490,"array([10.81036658, 11.91035653])"
1491,"array([12.40957743, 10.75118118])"
1492,"array([11.41463787, 10.43025126])"
1493,"array([-14.32819857,   9.03954922])"
1494,"array([-15.45691085,   7.93583947])"
1495,"array([18.70111105, 22.50217557])"
1496,"array([11.50704708,  7.99550007])"
1497,"array([ 2.85946841, 19.66174218])"
1498,"array([-29.5161473 ,  12.11615731])"
1499,"array([-29.45337584,  13.03399854])"
1500,"array([-31.88487052,   8.16116185])"
1501,"array([-31.27264464,   8.84026592])"
1502,"array([ -6.61429222, -17.74251457])"
1503,"array([ -7.02836967, -16.90978806])"
1504,"array([-12.86206061, -14.01862556])"
1505,"array([ 4.40040647, 41.38576399])"
1506,"array([-8.9271949 , 22.39050492])"
1507,"array([ 2.09721149, 21.2287559 ])"
1508,"array([ 4.67770963, 33.69187987])"
1509,"array([-12.12149738,  27.74184144])"
1510,"array([-4.16261337, 18.01723349])"
1511,"array([20.99577655, 13.23955764])"
1512,"array([4.73972842, 8.11515404])"
1513,"array([-12.12970311,   9.00509453])"
1514,"array([ 4.81193802, 12.24000665])"
1515,"array([ 3.77942753, 14.85958638])"
1516,"array([ 5.6546678 , 10.36526123])"
1517,"array([-0.19864262, 18.38579061])"
1518,"array([ 12.58471665, -18.23364777])"
1519,"array([-1.40034638, 38.37315676])"
1520,"array([-0.2622902, 38.1210912])"
1521,"array([ 0.63553145, 38.36983245])"
1522,"array([-4.10884258, 18.69011936])"
1523,"array([-10.12979234,  29.62064339])"
1524,"array([17.16930551, 33.62432398])"
1525,"array([18.99098453, 34.56868001])"
1526,"array([18.42153231, 35.23928655])"
1527,"array([  6.02219286, -20.15287773])"
1528,"array([ 3.51654156, 35.53053959])"
1529,"array([ 0.9394536 , 33.31177951])"
1530,"array([-7.78326372, 24.65409801])"
1531,"array([33.56424294, -5.79104717])"
1532,"array([34.70290311, -6.08464487])"
1533,"array([33.07329902, -7.79039492])"
1534,"array([32.74202224, -6.65800926])"
1535,"array([17.14069523, 35.86263137])"
1536,"array([25.05965894, 27.76414474])"
1537,"array([11.20647801, 63.08226902])"
1538,"array([10.31142758, 63.32189567])"
1539,"array([-8.00122694, 22.55926661])"
1540,"array([ 0.21717514, 20.82527982])"
1541,"array([25.52399555, 28.93011401])"
1542,"array([ 1.32893797, 19.70655558])"
1543,"array([ 1.0664238 , 15.33119924])"
1544,"array([-10.91194259,  13.97844292])"
1545,"array([ 9.40882759, 27.16512748])"
1546,"array([ 5.1953274 , 30.00415052])"
1547,"array([-9.24005403, 12.10357678])"
1548,"array([-1.53705281, 13.76663729])"
1549,"array([-5.36850096, 11.66247604])"
1550,"array([-6.19547878, 11.4244599 ])"
1551,"array([-6.94771838, 13.02306928])"
1552,"array([-7.34955   , 13.87655217])"
1553,"array([-6.15491287, 12.87719519])"
1554,"array([-7.40379694, 12.41301222])"
1555,"array([-6.92567181, 11.73053533])"
1556,"array([-5.9533017 , 12.10813176])"
1557,"array([-6.52681268, 13.6485761 ])"
1558,"array([-7.63325383, 13.23348455])"
1559,"array([-6.6436338 , 12.33662895])"
1560,"array([15.80371574,  1.97732512])"
1561,"array([14.85876329,  3.48825031])"
1562,"array([  6.35376549, -12.54265095])"
1563,"array([  6.96562115, -13.28283276])"
1564,"array([-16.62186764,  28.94341332])"
1565,"array([-16.95185769,  28.34983388])"
1566,"array([-14.7538313 ,  27.77352714])"
1567,"array([-18.1887915 ,  29.19002171])"
1568,"array([-15.75892622,  -8.03857401])"
1569,"array([-15.87996987,  -7.14067018])"
1570,"array([-1.18113347, 63.54518613])"
1571,"array([-0.25012636, 63.46440725])"
1572,"array([12.77984477, 20.64372982])"
1573,"array([-20.74640666, -14.58800968])"
1574,"array([  7.5131308 , -14.05724157])"
1575,"array([ 4.83542257, 57.28415467])"
1576,"array([-9.09868232, 23.23511248])"
1577,"array([10.3479423, 18.6455908])"
1578,"array([ 2.4880253 , 36.78489855])"
1579,"array([-5.96931775, 21.86473337])"
1580,"array([12.25410539, 14.53739025])"
1581,"array([ 1.59174669, 38.99177483])"
1582,"array([39.19575833,  4.69293017])"
1583,"array([ 8.0314294 , 27.76584351])"
1584,"array([ 9.72365779, 26.12200742])"
1585,"array([-0.52241705,  6.27691583])"
1586,"array([-33.88490545,  13.33487798])"
1587,"array([-13.80125794,  20.94706446])"
1588,"array([-13.58002879,  20.14467387])"
1589,"array([-7.92492715, 18.72744831])"
1590,"array([-4.15197787,  9.90909419])"
1591,"array([  0.18608515, -21.78549586])"
1592,"array([34.2796749 , 51.36057127])"
1593,"array([34.99639491, 50.79831483])"
1594,"array([-3.29553208, 20.31729216])"
1595,"array([-1.41574762, 21.61737686])"
1596,"array([-6.60864726,  7.05521943])"
1597,"array([-0.80721259, 21.34401233])"
1598,"array([-2.25289238, 19.97375848])"
1599,"array([ 9.44658217, 16.19738626])"
1600,"array([ 2.10960766, 18.59256469])"
1601,"array([ 7.47868386, 15.01475027])"
1602,"array([ 6.91440908, 14.51765001])"
1603,"array([ 7.62983729, 27.29218906])"
1604,"array([16.85591741, 18.6803149 ])"
1605,"array([-6.84302595, 30.64202608])"
1606,"array([ 5.0639071 , 27.40500277])"
1607,"array([ 17.99549305, -16.37393086])"
1608,"array([13.34790817,  6.02032   ])"
1609,"array([-2.74742048, 20.34653081])"
1610,"array([12.7461606 , 27.99509742])"
1611,"array([13.39678852, 27.83838996])"
1612,"array([15.05148437, 19.08723976])"
1613,"array([-5.76736348, 23.56927572])"
1614,"array([ 7.96204333, 14.53082354])"
1615,"array([14.37569972, 15.61051353])"
1616,"array([14.55531801, 16.20750403])"
1617,"array([15.16536786, 16.50559688])"
1618,"array([-13.61776574, -18.19018793])"
1619,"array([41.15740298,  6.88904648])"
1620,"array([40.38460628,  7.35833593])"
1621,"array([ 1.67281615, 17.99633899])"
1622,"array([ 3.12010789, 16.49207232])"
1623,"array([19.07689178, 19.19089513])"
1624,"array([ 4.45561599, 27.66010572])"
1625,"array([ 4.07355739, 27.2135428 ])"
1626,"array([16.23004104, 62.05220307])"
1627,"array([15.92596542, 61.19131016])"
1628,"array([-6.32345317, 30.19518202])"
1629,"array([-10.46267199,  45.07576447])"
1630,"array([-0.3315886, 20.2841644])"
1631,"array([ 0.625686  , 22.19430801])"
1632,"array([ 0.12101329, 23.23998033])"
1633,"array([15.47111458,  8.46478928])"
1634,"array([15.92458693,  9.2499791 ])"
1635,"array([ 8.15608419, 12.01524352])"
1636,"array([ 8.78996965, 12.02703491])"
1637,"array([ 8.38574201, 20.24894252])"
1638,"array([12.28855398, 17.82219522])"
1639,"array([-15.02623463,  56.37322426])"
1640,"array([-36.30642259,  18.40284674])"
1641,"array([ 3.16916274e+01, -2.77434067e-02])"
1642,"array([32.59536305, -0.1461273 ])"
1643,"array([12.07344922, 15.79446288])"
1644,"array([12.86636721, 40.09742987])"
1645,"array([-4.7045451 , 17.03812814])"
1646,"array([ 7.4762567 , 23.32668472])"
1647,"array([ 3.48275477, 41.28594251])"
1648,"array([  9.31073221, -17.46314117])"
1649,"array([ 10.06725431, -16.93121257])"
1650,"array([29.25548163, -5.50772812])"
1651,"array([-30.7095825 ,  35.37321271])"
1652,"array([-31.01315121,  36.24087688])"
1653,"array([ 1.1624282 , 22.27361992])"
1654,"array([-15.30825002,  22.04504825])"
1655,"array([-18.87518824,  22.50450615])"
1656,"array([-7.88944473, 21.82608459])"
1657,"array([41.91670806, 35.82849759])"
1658,"array([42.00530517, 36.76335999])"
1659,"array([-22.99111691,  -2.70276352])"
1660,"array([-7.08104373, 29.25382733])"
1661,"array([15.85187277, 18.36595235])"
1662,"array([ 7.62017081, 32.65710056])"
1663,"array([ 7.48998327, 26.43666604])"
1664,"array([ 7.48342537, 18.90658041])"
1665,"array([-12.10133156,  26.84851941])"
1666,"array([28.54813355, -1.89977121])"
1667,"array([12.57129174, 18.72933422])"
1668,"array([-10.72052444,  60.3532114 ])"
1669,"array([-9.68686758, 60.40983644])"
1670,"array([-11.69940415,  60.06267931])"
1671,"array([-8.71834089, 60.34195132])"
1672,"array([10.09282754, 49.08539737])"
1673,"array([-24.53465679,  -2.8741562 ])"
1674,"array([-22.8355825 ,  -4.17589139])"
1675,"array([ 8.75420808, 18.31739426])"
1676,"array([-4.62226051, 24.15379219])"
1677,"array([-4.39146143, 24.75912633])"
1678,"array([-12.54839781,  59.57536505])"
1679,"array([-16.21704695,  27.65643838])"
1680,"array([12.90788591, 15.00904468])"
1681,"array([-6.54098438, 28.80033235])"
1682,"array([-7.29567328, 28.6114598 ])"
1683,"array([-6.17880435, 29.50760938])"
1684,"array([-7.65672375, 29.51634191])"
1685,"array([ 3.29384003, 30.71573254])"
1686,"array([ 6.43538534, 11.88060567])"
1687,"array([ 9.43963333, 12.61913565])"
1688,"array([ 8.27881317, 34.76306273])"
1689,"array([-12.75952899,  27.20026398])"
1690,"array([11.61287197, 17.64912067])"
1691,"array([ 8.30388062, 22.31222549])"
1692,"array([ 18.10174257, -19.62230801])"
1693,"array([ 3.29488114, 28.14395131])"
1694,"array([37.91365998, 31.67757096])"
1695,"array([38.7904852 , 31.41366437])"
1696,"array([-10.49009141,  23.36930586])"
1697,"array([10.61447938, 36.7563982 ])"
1698,"array([ 1.87428269, 15.77669846])"
1699,"array([ 5.35779335, 17.22377045])"
1700,"array([ 4.67577662, 25.40032557])"
1701,"array([41.38864159, 23.37498913])"
1702,"array([40.81709036, 24.09620394])"
1703,"array([-20.02710018,  21.534302  ])"
1704,"array([ 0.24636965, 28.22235995])"
1705,"array([-30.45515094,  16.3593491 ])"
1706,"array([-31.3138036 ,  16.06365415])"
1707,"array([-19.58386321,  29.70578902])"
1708,"array([ 5.33210978, 25.32763706])"
1709,"array([14.76606171, 12.31090713])"
1710,"array([ 7.62819049, 18.35811671])"
1711,"array([ 9.53413516, 22.86274769])"
1712,"array([42.90783198, 14.2022038 ])"
1713,"array([41.99912547, 14.11699442])"
1714,"array([-18.1742978 , -14.30933131])"
1715,"array([-5.69683348,  5.93495065])"
1716,"array([17.2175797 , 23.00430956])"
1717,"array([  1.47680198, -19.03454498])"
1718,"array([  2.37342743, -19.21588653])"
1719,"array([-6.01828592,  9.59283386])"
1720,"array([-2.83449247, 12.26720647])"
1721,"array([14.84034679, 13.14373922])"
1722,"array([ 5.79616102, 41.60985837])"
1723,"array([10.06361879, 13.96350011])"
1724,"array([10.85303936, 14.03738789])"
1725,"array([-34.90343781,   6.83566434])"
1726,"array([-34.21600048,   6.2353315 ])"
1727,"array([ 2.95350896, 28.99812882])"
1728,"array([-4.20730321,  6.71491713])"
1729,"array([-3.10030627,  6.00213994])"
1730,"array([-3.95974766,  5.99629059])"
1731,"array([-2.12245054, 30.91051227])"
1732,"array([-0.96547371, 34.30867457])"
1733,"array([ 9.52211154, 17.0390116 ])"
1734,"array([10.53724509, 19.17333036])"
1735,"array([-6.00796841, 24.97573258])"
1736,"array([-30.6074199 ,  -4.46779773])"
1737,"array([-29.84970572,  -5.00904145])"
1738,"array([ 3.42895088, 22.4049398 ])"
1739,"array([-28.61384791,   5.28475433])"
1740,"array([-27.95534701,   4.48988214])"
1741,"array([-29.60239974,   5.15624143])"
1742,"array([-28.47148228,   6.27983405])"
1743,"array([10.14979492, 22.87995812])"
1744,"array([12.09927725, 26.5154893 ])"
1745,"array([16.88665366, 16.04063301])"
1746,"array([-3.86997097, 28.9803386 ])"
1747,"array([-5.33940727, 30.03389355])"
1748,"array([-3.54313144, 32.51494965])"
1749,"array([ 8.5077031 , 28.69040311])"
1750,"array([ 9.25532634, 28.59316526])"
1751,"array([10.58786819, 28.43797878])"
1752,"array([12.38730138, 29.67869614])"
1753,"array([18.71474681, 29.53184467])"
1754,"array([-37.2560328 ,  33.38514281])"
1755,"array([-36.68373043,  31.80367478])"
1756,"array([-2.78884444, 15.46113837])"
1757,"array([ 22.12069351, -16.44465337])"
1758,"array([ 21.74401777, -17.2959822 ])"
1759,"array([24.10550381, 24.74427689])"
1760,"array([24.33177994, 26.41637128])"
1761,"array([24.72005584, 25.5050098 ])"
1762,"array([23.89681288, 25.64283572])"
1763,"array([ 6.85827821, 24.30713501])"
1764,"array([ 5.29110024, 22.05354737])"
1765,"array([ 6.85245656, 21.8918971 ])"
1766,"array([ 7.196028  , 21.44122722])"
1767,"array([ 7.6889954 , 21.67435913])"
1768,"array([ 8.16349184, 15.29116469])"
1769,"array([ 9.32008777, 13.459246  ])"
1770,"array([23.76401827, 17.33955594])"
1771,"array([24.06386348, 18.52269047])"
1772,"array([18.47514633, 17.0378275 ])"
1773,"array([-2.41628728, 13.09885939])"
1774,"array([13.15150653, 21.91187102])"
1775,"array([ 1.76334963, 23.23112835])"
1776,"array([-2.95762016, 16.20165225])"
1777,"array([-2.60129187, 14.84285204])"
1778,"array([-4.15718845, 15.82105999])"
1779,"array([-3.26507846, 15.02353609])"
1780,"array([-1.99877149, 15.2508935 ])"
1781,"array([-3.466848 , 15.6666356])"
1782,"array([-3.93588231, 15.21352203])"
1783,"array([-3.55642377, 16.34639587])"
1784,"array([-17.47895373, -10.81173365])"
1785,"array([-18.15900791, -11.42627626])"
1786,"array([ 7.98493566, 28.34431365])"
1787,"array([-3.68352722,  4.91851309])"
1788,"array([9.94734705, 8.14048986])"
1789,"array([9.5770576 , 8.84619081])"
1790,"array([10.43890127,  8.77994184])"
1791,"array([ 4.08472223, 12.53203366])"
1792,"array([ 1.80791287, 13.22098192])"
1793,"array([-20.3773086 ,  23.35034951])"
1794,"array([-19.55286988,  23.64299044])"
1795,"array([-20.16013771,  22.4134783 ])"
1796,"array([14.34979751,  4.21798156])"
1797,"array([14.61934342,  5.00534114])"
1798,"array([13.53157937,  4.37893421])"
1799,"array([14.4681234 ,  5.85410717])"
1800,"array([15.13664468,  4.4324473 ])"
1801,"array([12.74903838,  4.82171253])"
1802,"array([12.88098793,  3.93265411])"
1803,"array([13.75350023,  3.62124978])"
1804,"array([15.42685071,  5.17517   ])"
1805,"array([13.79391597,  5.09151868])"
1806,"array([15.25064508,  5.96465802])"
1807,"array([-1.58147579, 36.71726987])"
1808,"array([-2.33613304, 36.28179694])"
1809,"array([-1.53448505, 36.03922591])"
1810,"array([15.6429382 , 32.71325136])"
1811,"array([17.60706586, 32.30350213])"
1812,"array([16.59265215, 31.48506553])"
1813,"array([16.92564868, 32.72366316])"
1814,"array([17.49345535, 31.59499626])"
1815,"array([16.13310578, 32.12967597])"
1816,"array([16.26552282, 32.99674045])"
1817,"array([16.91298272, 32.06846156])"
1818,"array([7.05656087, 9.64858866])"
1819,"array([-31.35613814,  42.08967598])"
1820,"array([-31.22436911,  41.12087375])"
1821,"array([-31.49611743,  43.05885638])"
1822,"array([ 0.41951751, 15.71985312])"
1823,"array([-0.41887052, 14.53770978])"
1824,"array([ 0.12563383, 16.36787942])"
1825,"array([ 4.82997178, 19.65455807])"
1826,"array([ 4.72088203, 20.41010105])"
1827,"array([ 0.43081077, 19.58538981])"
1828,"array([-1.52627282, 27.2489814 ])"
1829,"array([45.71948078, 16.19294876])"
1830,"array([44.85796576, 16.47874681])"
1831,"array([ 17.54728592, -12.35068252])"
1832,"array([ 16.89504922, -13.012776  ])"
1833,"array([-21.14077193,   8.38945866])"
1834,"array([4.17821413e+01, 2.49284281e-02])"
1835,"array([41.31383723, -0.78065529])"
1836,"array([-9.40213571, 19.09260309])"
1837,"array([37.28605665, 23.1167193 ])"
1838,"array([31.35743601,  3.18289236])"
1839,"array([30.62100949,  2.63090489])"
1840,"array([-7.6910253 , 57.21920313])"
1841,"array([10.86841189, 40.15352802])"
1842,"array([17.01042096,  5.74555273])"
1843,"array([-34.0927724 ,  14.30628868])"
1844,"array([ 28.56135682, -10.53888763])"
1845,"array([ 29.2846838 , -11.17672049])"
1846,"array([ 29.97328731, -11.82579903])"
1847,"array([-23.53420676,  42.94642555])"
1848,"array([-33.16857636,  22.84633813])"
1849,"array([-33.99605986,  23.23225623])"
1850,"array([-36.35621443,   3.71731367])"
1851,"array([-32.709339  ,  38.28927965])"
1852,"array([44.16989997,  6.92638798])"
1853,"array([43.9340116 ,  6.03086198])"
1854,"array([17.98845002,  4.26641081])"
1855,"array([18.57343089,  5.03449875])"
1856,"array([-29.51273673,  25.73681043])"
1857,"array([-29.76937999,  24.85980039])"
1858,"array([38.03016896, 11.66836821])"
1859,"array([38.90482354, 11.92876393])"
1860,"array([41.87820033, 28.28615657])"
1861,"array([-23.65715507,  40.10077257])"
1862,"array([-24.10975781,  39.32205565])"
1863,"array([43.29305338, 26.12453495])"
1864,"array([43.72774512, 25.31600547])"
1865,"array([26.13936223, -6.91286669])"
1866,"array([-30.33406267,  48.10495969])"
1867,"array([-29.73986164,  48.80073159])"
1868,"array([33.98198038, -2.49676709])"
1869,"array([45.98243358, 23.59307836])"
