# prop_name, value
name,interactome_yeast
description,A network of protein-protein binding interactions among yeast proteins. Nodes represent proteins found in yeast (Saccharomyces cerevisiae) and an edge represents a binding interaction between two proteins.
citation,"['S. Coulomb et al. \"Gene essentiality and the topology of protein interaction networks.\" Proc. Roy. Soc. London B: Biological Sciences 272(1573), 1721-1725 (2005)., http://rspb.royalsocietypublishing.org/content/272/1573/1721.short']"
url,http://konect.cc/networks/moreno_propro
tags,"['Biological', 'Protein interactions', 'Unweighted']"
konect_meta,"category: Metabolic
code: Mp
name: Yeast
description: Protein–protein interactions
entity-names: protein
extr: moreno
url: http://moreno.ss.uci.edu/data.html#pro-pro
long-description: This undirected network contains protein interactions contained in yeast. Research showed that proteins with a high degree were more important for the surivial of the yeast than others. A node represents a protein and an edge represents a metabolic interaction between two proteins.  The network contains loops.
relationship-names: interaction
cite: konect:jeong2001,konect:coulomb2005,konect:han2005,konect:stumpf2005 
tags:  #loop
"
konect_readme,"Yeast network, part of the Koblenz Network Collection
===========================================================================

This directory contains the TSV and related files of the moreno_propro network: This undirected network contains protein interactions contained in yeast. Research showed that proteins with a high degree were more important for the surivial of the yeast than others. A node represents a protein and an edge represents a metabolic interaction between two proteins.  The network contains loops.


More information about the network is provided here: 
http://konect.cc/networks/moreno_propro

Files: 
    meta.moreno_propro -- Metadata about the network 
    out.moreno_propro -- The adjacency matrix of the network in whitespace-separated values format, with one edge per line
      The meaning of the columns in out.moreno_propro are: 
        First column: ID of from node 
        Second column: ID of to node
        Third column (if present): weight or multiplicity of edge
        Fourth column (if present):  timestamp of edges Unix time


Use the following References for citation:

@MISC{konect:2017:moreno_propro,
    title = {Yeast network dataset -- {KONECT}},
    month = oct,
    year = {2017},
    url = {http://konect.cc/networks/moreno_propro}
}

@article{konect:jeong2001,
	title = {Lethality and Centrality in Protein Networks},
	author = {Jeong, Hawoong and Mason, Sean P and Barab{\'a}si, A-L and Oltvai, Zoltan N},
	journal = {Nature},
	volume = {411},
	number = {6833},
	pages = {41--42},
	year = {2001},
}

@article{konect:coulomb2005,
	title = {Gene Essentiality and the Topology of Protein Interaction Networks},
	author = {Coulomb, Stéphane and Bauer, Michel and Bernard, Denis
                  and Marsolier-Kergoat, Marie-Claude}, 
	journal = {Proc. of the Royal Soc. B: Biol. Sci.},
	volume = {272},
	number = {1573},
	pages = {1721--1725},
	year = {2005},
}

@article{konect:han2005,
	title = {Effect of Sampling on Topology Predictions of Protein-Protein Interaction Networks},
	author = {Han, Jing-Dong J. and Dupuy, Denis and Bertin, Nicolas
                  and Cusick, Michael E. and Vidal, Marc}, 
	journal = {Nature Biotechnol.},
	volume = {23},
	number = {7},
	pages = {839--844},
	year = {2005},
}

@article{konect:stumpf2005,
	title = {Subnets of Scale-free Networks are not Scale-free: Sampling Properties of Networks},
	author = {Stumpf, Michael P. H. and Wiuf, Carsten and May, Robert M.},
	journal = {Proc. Natl. Acad. Sci. U.S.A.},
	volume = {102},
	number = {12},
	pages = {4221--4224},
	year = {2005},
}

@article{konect:jeong2001,
	title = {Lethality and Centrality in Protein Networks},
	author = {Jeong, Hawoong and Mason, Sean P and Barab{\'a}si, A-L and Oltvai, Zoltan N},
	journal = {Nature},
	volume = {411},
	number = {6833},
	pages = {41--42},
	year = {2001},
}

@article{konect:coulomb2005,
	title = {Gene Essentiality and the Topology of Protein Interaction Networks},
	author = {Coulomb, Stéphane and Bauer, Michel and Bernard, Denis
                  and Marsolier-Kergoat, Marie-Claude}, 
	journal = {Proc. of the Royal Soc. B: Biol. Sci.},
	volume = {272},
	number = {1573},
	pages = {1721--1725},
	year = {2005},
}

@article{konect:han2005,
	title = {Effect of Sampling on Topology Predictions of Protein-Protein Interaction Networks},
	author = {Han, Jing-Dong J. and Dupuy, Denis and Bertin, Nicolas
                  and Cusick, Michael E. and Vidal, Marc}, 
	journal = {Nature Biotechnol.},
	volume = {23},
	number = {7},
	pages = {839--844},
	year = {2005},
}

@article{konect:stumpf2005,
	title = {Subnets of Scale-free Networks are not Scale-free: Sampling Properties of Networks},
	author = {Stumpf, Michael P. H. and Wiuf, Carsten and May, Robert M.},
	journal = {Proc. Natl. Acad. Sci. U.S.A.},
	volume = {102},
	number = {12},
	pages = {4221--4224},
	year = {2005},
}


@inproceedings{konect,
	title = {{KONECT} -- {The} {Koblenz} {Network} {Collection}},
	author = {Jérôme Kunegis},
	year = {2013},
	booktitle = {Proc. Int. Conf. on World Wide Web Companion},
	pages = {1343--1350},
	url = {http://dl.acm.org/citation.cfm?id=2488173},
	url_presentation = {https://www.slideshare.net/kunegis/presentationwow},
	url_web = {http://konect.cc/},
	url_citations = {https://scholar.google.com/scholar?cites=7174338004474749050},
}

@inproceedings{konect,
	title = {{KONECT} -- {The} {Koblenz} {Network} {Collection}},
	author = {Jérôme Kunegis},
	year = {2013},
	booktitle = {Proc. Int. Conf. on World Wide Web Companion},
	pages = {1343--1350},
	url = {http://dl.acm.org/citation.cfm?id=2488173},
	url_presentation = {https://www.slideshare.net/kunegis/presentationwow},
	url_web = {http://konect.cc/},
	url_citations = {https://scholar.google.com/scholar?cites=7174338004474749050},
}


"
