# source, target
1,11
1,11
2,49
2,11
2,49
2,11
4,11
5,49
6,11
7,49
8,82
8,82
8,84
8,84
8,84
8,84
8,49
8,49
8,49
8,11
10,34
10,36
10,41
10,47
10,49
10,60
10,66
10,49
10,60
10,66
10,36
10,34
10,41
10,47
10,49
12,9
14,9
14,57
14,15
15,9
15,59
17,59
19,9
19,24
19,24
19,82
20,9
20,21
20,21
20,82
20,82
21,82
21,82
22,9
22,23
22,23
22,82
22,82
22,82
23,82
23,82
23,82
24,82
25,9
25,30
25,30
25,84
26,9
26,27
26,27
26,84
26,84
27,84
27,84
28,9
28,29
28,29
28,84
28,84
28,84
29,84
29,84
29,84
30,84
31,9
31,32
31,32
31,87
32,87
68,75
68,33
69,75
69,35
69,34
69,34
70,75
70,37
70,36
70,36
71,9
72,75
72,24
72,82
72,46
72,41
72,41
73,75
73,48
73,47
73,47
74,75
74,30
74,84
74,59
74,49
74,49
75,71
76,75
76,62
76,60
76,60
77,75
77,67
77,66
77,66
78,68
78,68
78,68
78,68
78,68
78,33
78,68
78,68
78,68
78,68
78,68
79,69
79,69
79,69
79,69
79,69
79,35
79,69
79,69
79,69
79,69
79,69
79,34
79,34
80,70
80,70
80,70
80,70
80,70
80,37
80,70
80,70
80,70
80,70
80,70
80,36
80,36
81,76
81,76
81,76
81,76
81,76
81,76
81,76
81,62
81,76
81,76
81,76
81,60
81,60
82,72
82,72
82,72
82,72
82,72
82,46
82,72
82,72
82,72
82,72
82,72
82,41
82,41
83,73
83,73
83,73
83,73
83,73
83,48
83,73
83,73
83,73
83,73
83,73
83,47
83,47
84,74
84,74
84,74
84,74
84,74
84,59
84,74
84,74
84,74
84,74
84,74
84,49
84,49
85,76
85,76
85,76
85,76
85,76
85,62
85,76
85,76
85,76
85,76
85,76
85,60
85,60
86,76
86,15
86,15
86,76
86,76
86,76
86,76
86,76
86,76
86,62
86,76
86,76
86,76
86,60
86,60
87,75
87,65
88,77
88,77
88,77
88,77
88,77
88,67
88,77
88,77
88,77
88,77
88,77
88,66
88,66
89,76
89,76
89,76
89,76
89,76
89,76
89,76
89,62
89,76
89,76
89,76
89,60
89,60
90,72
91,73
92,74
93,76
94,87
95,157
95,84
95,84
95,82
95,82
95,46
95,45
95,82
95,45
95,82
95,84
95,82
95,84
95,82
95,84
96,46
97,49
98,46
99,45
100,45
101,45
102,46
103,45
104,46
105,45
106,11
107,157
107,82
107,82
107,84
107,84
107,44
107,59
107,51
107,84
107,51
107,84
107,82
107,84
107,82
107,84
107,82
108,51
109,51
110,11
111,49
112,59
113,51
114,59
115,51
116,51
117,51
118,59
119,51
120,59
121,157
121,84
121,84
121,84
121,84
121,59
121,57
121,84
121,57
121,84
121,84
121,84
121,84
121,84
121,84
122,59
123,49
124,59
125,57
126,57
127,57
128,59
129,57
130,59
131,57
132,11
133,157
133,87
133,87
133,84
133,84
133,59
133,58
133,84
133,58
133,84
133,87
133,84
133,87
133,84
133,87
134,59
135,49
136,59
137,58
138,58
139,58
140,59
141,58
142,59
143,58
144,11
145,157
145,87
145,87
145,85
145,85
145,62
145,61
145,85
145,61
145,85
145,87
145,85
145,87
145,85
145,87
146,62
147,49
148,62
149,61
150,61
151,61
152,62
153,61
154,62
155,61
156,11
157,9
160,95
160,84
160,82
160,46
160,45
160,45
160,82
160,84
160,84
160,82
160,95
160,82
160,82
160,84
160,82
160,84
161,107
161,82
161,84
161,107
161,44
161,59
161,51
161,51
161,84
161,82
161,82
161,84
161,107
161,84
161,84
161,82
161,84
161,82
162,121
162,84
162,84
162,59
162,57
162,57
162,84
162,84
162,84
162,84
162,121
162,84
162,84
162,84
162,84
162,84
163,133
163,87
163,84
163,59
163,58
163,58
163,84
163,87
163,87
163,84
163,133
163,84
163,84
163,87
163,84
163,87
164,145
164,87
164,85
164,62
164,61
164,61
164,85
164,87
164,87
164,85
164,145
164,85
164,85
164,87
164,85
164,87
166,162
166,84
166,84
166,59
166,57
166,57
166,84
166,84
166,84
166,84
166,121
166,84
166,84
166,84
166,84
166,84
167,9
167,170
167,170
167,170
167,170
167,170
167,170
167,170
167,170
167,72
167,170
167,82
167,170
167,170
167,170
167,170
167,170
167,170
168,9
168,172
168,172
168,172
168,172
168,172
168,172
168,172
168,172
168,172
168,172
168,172
168,172
168,172
168,172
168,172
168,172
168,172
168,172
168,172
168,172
168,172
168,172
168,172
168,172
168,172
168,172
168,172
168,172
168,172
168,170
168,170
168,172
169,9
169,174
169,174
169,174
169,174
169,174
169,174
170,245
170,42
170,44
170,42
170,42
170,42
170,44
170,42
170,84
170,84
170,82
170,84
170,82
170,46
170,172
170,84
170,245
171,170
172,246
172,170
172,42
172,44
172,42
172,42
172,44
172,42
172,53
172,84
172,84
172,82
172,170
172,170
172,171
172,40
172,170
172,170
172,170
172,170
172,170
172,170
172,246
172,246
172,246
173,172
174,247
174,172
174,42
174,42
174,42
174,44
174,42
174,44
174,84
174,84
174,84
174,82
174,172
174,173
174,172
174,38
174,247
174,247
174,247
175,174
176,9
176,179
176,179
176,179
176,179
176,179
176,179
176,179
176,179
176,87
176,87
176,179
176,179
176,179
177,9
177,181
177,181
177,181
177,181
177,181
177,181
177,181
177,181
177,181
177,181
177,181
177,181
177,181
177,181
177,181
177,181
177,181
177,181
177,181
177,181
177,181
177,179
177,181
177,181
177,179
178,9
178,183
178,183
178,183
179,245
179,64
179,63
179,64
179,64
179,64
179,63
179,84
179,87
179,65
179,181
179,245
180,179
181,246
181,179
181,64
181,63
181,64
181,64
181,64
181,63
181,84
181,84
181,87
181,179
181,179
181,180
181,246
181,246
181,246
182,181
183,247
183,181
183,64
183,63
183,64
183,64
183,64
183,63
183,84
183,84
183,84
183,87
183,181
183,182
183,181
183,247
183,247
183,247
184,174
184,183
185,210
187,209
187,172
187,172
187,172
187,172
187,12
187,172
187,172
188,209
188,172
188,172
188,172
188,172
188,12
188,172
188,172
189,209
189,172
189,172
189,172
189,172
189,12
189,172
189,172
190,209
190,172
190,172
190,172
190,172
190,12
190,172
190,172
191,209
191,172
191,172
191,172
191,172
191,12
191,172
191,172
192,209
192,172
192,172
192,172
192,172
192,12
192,172
192,172
193,209
193,172
193,172
193,172
193,172
193,12
193,172
193,172
194,209
194,172
194,172
194,172
194,172
194,12
194,172
194,172
195,209
195,172
195,172
195,172
195,172
195,12
195,172
195,172
196,209
196,172
196,172
196,172
196,172
196,12
196,172
196,172
197,40
198,209
198,172
198,172
198,172
198,172
198,12
198,172
198,172
199,209
199,172
199,172
199,172
199,172
199,12
199,172
199,172
200,40
201,209
201,172
201,172
201,172
201,172
201,12
201,172
201,172
202,209
202,172
202,172
202,172
202,172
202,12
202,172
202,172
203,209
203,172
203,172
203,172
203,172
203,12
203,172
203,172
204,209
204,172
204,172
204,172
204,172
204,12
204,172
204,172
205,209
205,172
205,172
205,172
205,172
205,12
205,172
205,172
206,209
206,172
206,172
206,172
206,172
206,12
206,172
206,172
207,209
207,172
207,172
207,172
207,172
207,12
207,172
207,172
208,209
208,172
208,172
208,172
208,172
208,12
208,172
208,172
209,210
209,172
209,172
209,172
209,172
209,172
209,172
209,12
210,12
211,170
211,170
212,172
212,172
213,243
213,174
213,170
213,172
213,172
213,172
213,174
213,174
213,172
213,170
213,245
213,247
213,246
214,172
214,172
214,172
215,11
216,49
217,49
218,49
219,9
219,170
219,170
219,170
219,170
219,41
219,172
219,172
219,172
219,172
219,172
219,172
219,211
219,172
219,172
219,174
219,174
219,212
219,174
219,174
220,219
220,219
220,219
220,170
220,170
220,170
220,170
220,41
220,172
220,172
220,172
220,172
220,172
220,172
220,211
220,172
220,172
220,174
220,174
220,212
220,174
220,174
221,211
221,170
221,170
222,212
222,172
222,172
223,41
224,211
224,170
224,170
225,49
226,49
227,49
228,11
229,49
230,49
231,49
232,49
233,240
233,240
233,240
233,240
233,240
233,172
233,172
233,172
233,172
233,172
233,172
233,172
233,240
233,170
233,170
233,170
233,170
233,170
233,170
233,170
233,170
233,172
233,172
233,240
233,170
233,170
233,170
233,170
233,170
233,170
233,170
233,170
233,170
233,170
233,174
233,174
233,526
233,172
233,172
233,526
233,170
233,170
233,526
234,240
234,170
234,170
235,240
235,170
235,170
236,240
236,170
236,170
237,42
238,240
238,170
238,170
239,240
239,170
239,170
240,170
240,170
241,174
241,38
241,175
241,172
241,40
241,173
242,9
242,172
242,172
242,172
242,172
242,172
242,172
242,172
242,170
242,170
242,172
242,172
242,170
242,170
242,170
242,170
242,170
242,172
242,172
242,172
242,170
242,170
242,170
242,172
242,172
242,172
242,172
242,172
242,170
242,170
242,172
242,172
242,170
242,170
242,172
242,172
242,170
242,170
242,170
242,170
242,170
242,172
242,172
242,172
242,172
242,172
242,170
242,170
242,170
242,170
242,170
242,172
242,172
242,172
242,172
242,172
242,172
242,170
242,170
242,170
242,172
242,172
242,172
242,172
242,172
242,170
242,170
242,170
242,170
242,170
242,172
242,172
242,172
242,172
242,172
242,172
242,172
242,172
242,172
242,172
242,172
242,172
242,172
242,170
242,170
242,170
243,9
243,245
243,247
243,246
244,9
245,244
246,244
247,244
250,304
250,172
250,170
250,172
250,170
250,170
250,170
250,170
250,170
250,170
250,42
250,44
250,170
250,42
250,42
250,170
250,170
250,170
250,170
250,170
250,42
250,170
250,44
250,170
250,170
250,42
250,84
250,170
250,84
250,82
250,84
250,82
250,170
250,170
250,46
250,170
250,170
250,170
250,170
250,84
250,245
251,170
251,170
251,170
251,170
251,44
251,170
251,170
251,170
251,170
251,170
251,42
251,170
251,172
251,170
251,170
251,170
251,42
251,44
251,170
251,42
251,42
251,170
251,170
251,42
251,84
251,84
251,82
251,84
251,82
251,170
251,170
251,46
251,170
251,170
251,170
251,170
251,170
251,170
251,84
251,245
252,172
252,172
252,44
252,172
252,172
252,172
252,172
252,42
252,172
252,172
252,172
252,170
252,172
252,40
252,170
252,170
252,170
252,172
252,172
252,172
252,172
252,172
252,170
252,42
252,44
252,172
252,42
252,42
252,172
252,53
252,84
252,84
252,82
252,172
252,172
252,172
252,170
252,172
252,172
252,172
252,171
252,172
252,172
252,170
252,170
252,170
252,172
252,172
252,172
252,246
252,246
252,246
253,174
253,174
253,174
253,174
253,174
253,174
253,38
253,174
253,174
253,172
253,174
253,42
253,42
253,42
253,44
253,174
253,174
253,42
253,174
253,44
253,174
253,84
253,84
253,84
253,82
253,174
253,174
253,174
253,172
253,174
253,174
253,174
253,173
253,174
253,174
253,172
253,174
253,247
253,247
253,247
254,179
254,179
254,179
254,179
254,179
254,179
254,64
254,179
254,63
254,179
254,179
254,181
254,179
254,179
254,64
254,63
254,179
254,64
254,64
254,179
254,84
254,87
254,179
254,179
254,65
254,179
254,179
254,179
254,179
254,245
255,181
255,181
255,181
255,181
255,181
255,64
255,181
255,63
255,181
255,181
255,179
255,181
255,181
255,179
255,64
255,63
255,181
255,64
255,64
255,181
255,84
255,84
255,87
255,181
255,181
255,181
255,179
255,181
255,181
255,181
255,180
255,181
255,181
255,246
255,246
255,246
256,183
256,183
256,183
256,183
256,183
256,183
256,183
256,181
256,64
256,63
256,183
256,64
256,64
256,183
256,183
256,64
256,183
256,63
256,183
256,84
256,84
256,84
256,87
256,183
256,183
256,183
256,181
256,183
256,183
256,182
256,183
256,183
256,183
256,181
256,183
256,247
256,247
256,247
258,257
259,257
262,309
262,172
262,44
262,172
262,172
262,42
262,172
262,172
262,172
262,172
262,53
262,172
262,170
262,170
262,170
262,170
262,172
262,172
262,172
262,172
262,170
262,172
262,172
262,170
262,172
262,172
262,172
262,172
262,42
262,44
262,172
262,42
262,42
262,172
262,84
262,84
262,82
262,172
262,172
262,171
262,172
262,172
262,40
262,170
262,170
262,170
262,172
262,172
262,172
262,246
262,246
262,246
263,53
264,53
265,309
265,172
265,172
265,170
265,172
265,170
265,172
265,172
265,170
265,172
265,172
265,172
265,172
265,42
265,44
265,172
265,42
265,42
265,172
265,44
265,172
265,172
265,172
265,172
265,172
265,42
265,172
265,53
265,84
265,84
265,82
265,172
265,172
265,171
265,172
265,172
265,40
265,170
265,170
265,170
265,170
265,170
265,170
265,172
265,172
265,172
265,172
265,172
265,172
265,246
265,246
265,246
266,170
266,170
266,172
266,170
266,170
266,170
266,42
266,44
266,170
266,42
266,42
266,170
266,170
266,170
266,170
266,170
266,42
266,170
266,44
266,170
266,170
266,42
266,84
266,170
266,84
266,82
266,84
266,82
266,170
266,170
266,46
266,170
266,170
266,170
266,170
266,170
266,170
266,170
266,84
266,245
267,172
267,170
267,172
267,170
267,170
267,172
267,172
267,42
267,44
267,172
267,42
267,42
267,172
267,44
267,172
267,172
267,172
267,172
267,172
267,172
267,42
267,172
267,53
267,84
267,84
267,82
267,172
267,172
267,172
267,172
267,172
267,172
267,171
267,172
267,172
267,172
267,40
267,170
267,170
267,170
267,170
267,170
267,170
267,172
267,172
267,172
267,172
267,172
267,172
267,246
267,246
267,246
268,174
268,172
268,174
268,172
268,172
268,174
268,174
268,174
268,42
268,42
268,42
268,44
268,174
268,174
268,42
268,174
268,174
268,174
268,44
268,174
268,174
268,84
268,84
268,84
268,82
268,174
268,174
268,174
268,174
268,174
268,174
268,173
268,174
268,174
268,174
268,174
268,38
268,247
268,247
268,247
269,179
269,179
269,181
269,179
269,179
269,179
269,64
269,63
269,179
269,64
269,64
269,179
269,179
269,64
269,179
269,179
269,179
269,179
269,179
269,63
269,84
269,87
269,179
269,179
269,65
269,179
269,179
269,179
269,179
269,245
270,181
270,179
270,181
270,179
270,179
270,181
270,181
270,64
270,63
270,181
270,64
270,64
270,181
270,181
270,181
270,181
270,64
270,181
270,181
270,63
270,181
270,84
270,84
270,87
270,181
270,181
270,181
270,181
270,181
270,181
270,180
270,181
270,181
270,246
270,246
270,246
271,183
271,181
271,183
271,181
271,181
271,183
271,183
271,64
271,63
271,183
271,64
271,64
271,183
271,183
271,183
271,183
271,64
271,183
271,63
271,183
271,183
271,84
271,84
271,84
271,87
271,183
271,183
271,183
271,183
271,183
271,182
271,183
271,183
271,183
271,183
271,247
271,247
271,247
272,170
272,170
272,172
272,170
272,170
272,170
272,42
272,44
272,170
272,42
272,42
272,170
272,170
272,170
272,170
272,170
272,42
272,170
272,44
272,170
272,170
272,42
272,84
272,170
272,84
272,82
272,84
272,82
272,170
272,170
272,46
272,170
272,170
272,170
272,170
272,170
272,170
272,170
272,84
272,245
273,172
273,170
273,172
273,170
273,170
273,172
273,172
273,42
273,44
273,172
273,42
273,42
273,172
273,44
273,172
273,172
273,172
273,172
273,172
273,172
273,42
273,172
273,53
273,84
273,84
273,82
273,172
273,172
273,172
273,172
273,172
273,172
273,171
273,172
273,172
273,172
273,40
273,170
273,170
273,170
273,170
273,170
273,170
273,172
273,172
273,172
273,172
273,172
273,172
273,246
273,246
273,246
274,174
274,172
274,174
274,172
274,172
274,174
274,174
274,174
274,42
274,42
274,42
274,44
274,174
274,174
274,42
274,174
274,174
274,174
274,44
274,174
274,174
274,84
274,84
274,84
274,82
274,174
274,174
274,174
274,174
274,174
274,174
274,173
274,174
274,174
274,174
274,174
274,38
274,247
274,247
274,247
275,179
275,179
275,181
275,179
275,179
275,179
275,64
275,63
275,179
275,64
275,64
275,179
275,179
275,64
275,179
275,179
275,179
275,179
275,179
275,63
275,84
275,87
275,179
275,179
275,65
275,179
275,179
275,179
275,179
275,245
276,181
276,179
276,181
276,179
276,179
276,181
276,181
276,64
276,63
276,181
276,64
276,64
276,181
276,181
276,181
276,181
276,64
276,181
276,181
276,63
276,181
276,84
276,84
276,87
276,181
276,181
276,181
276,181
276,181
276,181
276,180
276,181
276,181
276,246
276,246
276,246
277,183
277,181
277,183
277,181
277,181
277,183
277,183
277,64
277,63
277,183
277,64
277,64
277,183
277,183
277,183
277,183
277,64
277,183
277,63
277,183
277,183
277,84
277,84
277,84
277,87
277,183
277,183
277,183
277,183
277,183
277,182
277,183
277,183
277,183
277,183
277,247
277,247
277,247
278,170
278,170
278,170
278,172
278,170
278,170
278,170
278,42
278,44
278,170
278,42
278,42
278,170
278,170
278,170
278,170
278,170
278,42
278,170
278,44
278,170
278,170
278,42
278,84
278,84
278,82
278,84
278,82
278,170
278,170
278,46
278,170
278,170
278,170
278,170
278,170
278,170
278,170
278,84
278,245
279,172
279,172
279,172
279,42
279,172
279,172
279,172
279,172
279,44
279,172
279,53
279,172
279,170
279,170
279,170
279,170
279,172
279,172
279,172
279,172
279,172
279,170
279,42
279,44
279,172
279,42
279,42
279,172
279,84
279,84
279,82
279,172
279,172
279,172
279,170
279,172
279,172
279,172
279,171
279,172
279,172
279,172
279,40
279,170
279,170
279,170
279,172
279,172
279,172
279,246
279,246
279,246
280,53
281,51
282,51
283,51
284,51
285,51
286,174
286,174
286,174
286,174
286,174
286,172
286,174
286,42
286,42
286,42
286,44
286,174
286,174
286,42
286,174
286,174
286,174
286,44
286,174
286,84
286,84
286,84
286,82
286,174
286,174
286,174
286,172
286,174
286,174
286,174
286,173
286,174
286,174
286,172
286,174
286,174
286,38
286,247
286,247
286,247
287,179
287,179
287,181
287,179
287,179
287,179
287,64
287,63
287,179
287,64
287,64
287,179
287,179
287,64
287,179
287,179
287,179
287,179
287,179
287,63
287,84
287,87
287,179
287,179
287,65
287,179
287,179
287,179
287,179
287,245
288,181
288,181
288,179
288,181
288,181
288,179
288,64
288,63
288,181
288,64
288,64
288,181
288,181
288,181
288,181
288,64
288,181
288,181
288,63
288,181
288,84
288,84
288,87
288,181
288,181
288,181
288,179
288,181
288,181
288,181
288,180
288,181
288,181
288,246
288,246
288,246
289,183
289,183
289,183
289,183
289,181
289,64
289,63
289,183
289,64
289,64
289,183
289,183
289,183
289,183
289,64
289,183
289,63
289,183
289,183
289,84
289,84
289,84
289,87
289,183
289,183
289,183
289,181
289,183
289,183
289,182
289,183
289,183
289,183
289,181
289,183
289,247
289,247
289,247
290,168
290,168
290,168
290,524
291,46
292,44
293,42
294,40
295,212
295,172
295,172
296,309
296,172
296,172
296,172
296,172
296,42
296,172
296,172
296,44
296,172
296,53
296,172
296,170
296,170
296,170
296,170
296,172
296,172
296,172
296,172
296,170
296,172
296,172
296,170
296,172
296,172
296,172
296,172
296,42
296,44
296,172
296,42
296,42
296,172
296,84
296,84
296,82
296,172
296,172
296,171
296,172
296,172
296,40
296,170
296,170
296,170
296,172
296,172
296,172
296,246
296,246
296,246
297,53
298,53
299,53
300,53
301,53
302,53
303,53
304,170
304,170
304,170
304,170
304,170
304,170
304,172
304,170
304,170
304,170
304,42
304,44
304,170
304,42
304,42
304,170
304,170
304,170
304,170
304,170
304,42
304,170
304,44
304,170
304,170
304,42
304,84
304,170
304,84
304,82
304,84
304,82
304,170
304,170
304,46
304,170
304,170
304,170
304,170
304,84
304,245
305,304
305,170
305,170
305,170
305,170
305,172
305,170
305,170
305,170
305,42
305,44
305,170
305,42
305,42
305,170
305,170
305,170
305,170
305,170
305,42
305,170
305,44
305,170
305,170
305,42
305,84
305,170
305,84
305,82
305,84
305,82
305,170
305,170
305,46
305,170
305,170
305,170
305,170
305,84
305,245
306,304
306,170
306,170
306,170
306,170
306,172
306,170
306,170
306,170
306,42
306,44
306,170
306,42
306,42
306,170
306,170
306,170
306,170
306,170
306,42
306,170
306,44
306,170
306,170
306,42
306,84
306,170
306,84
306,82
306,84
306,82
306,170
306,170
306,46
306,170
306,170
306,170
306,170
306,84
306,245
307,304
307,170
307,170
307,170
307,170
307,172
307,170
307,170
307,170
307,42
307,44
307,170
307,42
307,42
307,170
307,170
307,170
307,170
307,170
307,42
307,170
307,44
307,170
307,170
307,42
307,84
307,170
307,84
307,82
307,84
307,82
307,170
307,170
307,46
307,170
307,170
307,170
307,170
307,84
307,245
308,304
308,170
308,170
308,170
308,170
308,172
308,170
308,170
308,170
308,42
308,44
308,170
308,42
308,42
308,170
308,170
308,170
308,170
308,170
308,42
308,170
308,44
308,170
308,170
308,42
308,84
308,170
308,84
308,82
308,84
308,82
308,170
308,170
308,46
308,170
308,170
308,170
308,170
308,84
308,245
309,172
309,172
309,172
309,170
309,172
309,170
309,172
309,172
309,170
309,172
309,172
309,172
309,172
309,42
309,44
309,172
309,42
309,42
309,172
309,44
309,172
309,172
309,172
309,172
309,172
309,172
309,42
309,172
309,53
309,84
309,84
309,82
309,172
309,172
309,171
309,172
309,172
309,40
309,170
309,170
309,170
309,170
309,170
309,170
309,172
309,172
309,172
309,172
309,172
309,172
309,246
309,246
309,246
310,309
310,172
310,170
310,172
310,170
310,172
310,172
310,170
310,172
310,172
310,172
310,172
310,42
310,44
310,172
310,42
310,42
310,172
310,44
310,172
310,172
310,172
310,172
310,172
310,172
310,42
310,172
310,53
310,84
310,84
310,82
310,172
310,172
310,171
310,172
310,172
310,40
310,170
310,170
310,170
310,170
310,170
310,170
310,172
310,172
310,172
310,172
310,172
310,172
310,246
310,246
310,246
311,309
311,172
311,170
311,172
311,170
311,172
311,172
311,170
311,172
311,172
311,172
311,172
311,42
311,44
311,172
311,42
311,42
311,172
311,44
311,172
311,172
311,172
311,172
311,172
311,172
311,42
311,172
311,53
311,84
311,84
311,82
311,172
311,172
311,171
311,172
311,172
311,40
311,170
311,170
311,170
311,170
311,170
311,170
311,172
311,172
311,172
311,172
311,172
311,172
311,246
311,246
311,246
312,309
312,172
312,170
312,172
312,170
312,172
312,172
312,170
312,172
312,172
312,172
312,172
312,42
312,44
312,172
312,42
312,42
312,172
312,44
312,172
312,172
312,172
312,172
312,172
312,172
312,42
312,172
312,53
312,84
312,84
312,82
312,172
312,172
312,171
312,172
312,172
312,40
312,170
312,170
312,170
312,170
312,170
312,170
312,172
312,172
312,172
312,172
312,172
312,172
312,246
312,246
312,246
313,309
313,172
313,170
313,172
313,170
313,172
313,172
313,170
313,172
313,172
313,172
313,172
313,42
313,44
313,172
313,42
313,42
313,172
313,44
313,172
313,172
313,172
313,172
313,172
313,172
313,42
313,172
313,53
313,84
313,84
313,82
313,172
313,172
313,171
313,172
313,172
313,40
313,170
313,170
313,170
313,170
313,170
313,170
313,172
313,172
313,172
313,172
313,172
313,172
313,246
313,246
313,246
314,309
314,172
314,170
314,172
314,170
314,172
314,172
314,170
314,172
314,172
314,172
314,172
314,42
314,44
314,172
314,42
314,42
314,172
314,44
314,172
314,172
314,172
314,172
314,172
314,172
314,42
314,172
314,53
314,84
314,84
314,82
314,172
314,172
314,171
314,172
314,172
314,40
314,170
314,170
314,170
314,170
314,170
314,170
314,172
314,172
314,172
314,172
314,172
314,172
314,246
314,246
314,246
315,309
315,172
315,170
315,172
315,170
315,172
315,172
315,170
315,172
315,172
315,172
315,172
315,42
315,44
315,172
315,42
315,42
315,172
315,44
315,172
315,172
315,172
315,172
315,172
315,172
315,42
315,172
315,53
315,84
315,84
315,82
315,172
315,172
315,171
315,172
315,172
315,40
315,170
315,170
315,170
315,170
315,170
315,170
315,172
315,172
315,172
315,172
315,172
315,172
315,246
315,246
315,246
316,9
316,328
316,172
316,172
316,172
316,170
316,170
316,170
316,172
316,170
316,172
316,172
316,172
316,172
316,172
316,170
316,170
316,172
316,172
316,172
316,172
316,170
316,172
316,172
316,172
316,172
316,172
316,328
316,172
316,172
316,172
316,170
316,170
316,172
316,170
316,172
316,170
316,172
316,172
316,172
316,172
316,172
316,172
316,172
316,172
316,172
316,172
316,172
316,172
316,172
317,42
318,11
319,49
320,11
321,172
321,172
321,42
321,172
321,44
321,172
321,172
321,172
321,172
321,170
321,170
321,170
321,170
321,172
321,170
321,170
321,170
321,172
321,172
321,170
321,170
321,172
321,172
321,170
321,170
321,170
321,170
321,170
321,172
321,170
321,172
321,172
321,170
321,170
321,172
321,170
321,170
321,172
321,170
321,170
322,172
322,172
322,172
322,172
323,172
324,172
324,172
324,170
324,170
324,172
325,172
325,172
325,172
325,172
325,172
326,172
326,172
326,172
326,170
326,172
326,172
326,172
326,172
327,172
327,172
328,9
328,174
328,174
328,174
328,170
328,170
328,170
328,172
328,172
328,172
328,172
328,172
328,172
328,172
328,172
328,172
328,172
328,172
328,172
328,172
328,172
328,172
328,172
328,172
328,172
328,172
328,172
328,172
328,172
328,172
328,172
328,172
328,172
328,172
328,172
328,172
328,172
328,172
328,172
328,172
329,49
330,11
331,172
331,172
331,172
331,172
331,172
331,172
332,321
332,321
332,172
332,172
332,42
332,172
332,44
332,172
332,172
332,172
332,172
332,170
332,170
332,170
332,170
332,172
332,170
332,172
332,172
332,170
332,170
332,170
332,170
332,172
332,172
332,170
332,170
332,170
332,170
332,170
332,172
332,170
332,172
332,172
332,170
332,170
332,172
332,170
332,170
332,172
332,170
332,170
333,172
333,172
333,172
333,172
337,321
337,321
337,172
337,172
337,42
337,172
337,44
337,172
337,172
337,172
337,172
337,170
337,170
337,321
337,170
337,170
337,172
337,170
337,172
337,172
337,170
337,170
337,172
337,172
337,170
337,170
337,170
337,170
337,170
337,170
337,170
337,170
337,172
337,172
337,172
337,170
337,170
337,172
337,170
337,170
337,172
337,170
337,170
338,327
338,172
338,172
339,327
339,172
339,172
344,327
344,172
344,172
345,243
345,179
345,183
345,181
345,183
345,181
345,181
345,179
345,183
345,245
345,247
345,246
346,179
346,179
347,181
347,181
348,181
348,181
348,181
349,11
350,49
351,49
352,49
353,9
353,183
353,183
353,347
353,179
353,179
353,179
353,179
353,181
353,181
353,181
353,181
353,346
353,183
353,183
354,353
354,353
354,353
354,183
354,183
354,347
354,179
354,179
354,179
354,179
354,181
354,181
354,181
354,181
354,346
354,183
354,183
355,49
356,49
357,49
358,49
359,49
360,49
361,365
362,365
363,365
364,365
366,365
367,365
368,365
369,44
369,44
369,44
369,44
369,44
369,44
369,44
369,44
369,44
369,44
369,44
369,44
369,44
369,44
369,44
369,44
369,44
369,44
369,44
369,42
369,42
369,42
369,42
369,42
369,42
369,43
369,43
369,43
369,42
369,42
369,42
369,42
369,42
369,42
369,42
369,42
369,42
369,42
369,44
369,44
369,44
369,44
369,44
369,44
369,44
369,44
369,46
369,44
369,44
369,44
369,44
369,42
369,44
369,42
369,44
369,42
369,44
369,44
369,44
369,42
369,42
369,44
369,44
369,44
369,46
369,46
369,44
369,44
369,44
369,44
369,42
369,44
369,42
369,44
369,46
369,42
369,42
369,42
370,44
371,44
372,44
373,44
374,44
375,44
376,44
377,44
378,44
379,44
380,44
381,42
382,44
383,44
384,44
385,42
386,42
387,42
388,42
389,42
390,42
391,43
392,44
393,43
394,43
395,42
396,42
397,42
398,42
399,42
400,44
401,44
402,44
403,42
404,42
405,42
406,44
407,44
408,44
409,42
410,42
411,44
412,44
413,44
414,44
415,46
416,46
417,46
418,46
419,44
420,44
421,44
422,44
423,44
424,44
425,44
426,44
427,44
428,42
429,44
430,44
431,42
432,52
432,52
432,52
432,52
432,52
432,52
432,52
432,52
432,52
432,55
432,55
432,55
432,55
432,57
432,57
432,57
432,55
432,55
432,55
432,55
432,55
432,55
432,55
432,55
432,55
432,55
432,55
432,55
432,52
432,52
432,52
432,52
432,52
432,52
432,52
432,52
432,52
432,59
432,52
432,52
432,52
432,52
432,52
432,52
432,55
432,55
432,52
432,52
432,52
432,52
432,52
432,55
432,52
432,55
432,59
432,59
432,52
432,52
432,55
432,52
432,55
432,52
432,59
432,55
432,55
432,52
432,52
433,52
434,55
435,55
436,55
437,55
438,57
439,57
440,57
441,55
442,55
443,55
444,52
445,55
446,55
447,55
448,55
449,55
450,55
451,55
452,55
453,55
454,52
455,52
456,52
457,52
458,52
459,52
460,55
461,55
462,52
463,52
464,52
465,52
466,52
467,59
468,59
469,59
470,59
471,52
472,52
473,52
474,52
475,52
476,52
477,52
478,52
479,52
480,52
481,52
482,52
483,55
484,52
485,52
486,52
487,52
488,52
489,365
490,44
491,365
492,42
493,365
494,496
494,526
495,496
495,526
496,9
496,44
496,52
496,526
497,9
497,496
497,496
497,496
497,496
497,496
498,494
498,526
498,526
499,495
499,526
499,526
500,494
500,526
500,526
501,500
501,526
501,526
502,494
502,526
502,526
503,526
503,526
503,526
503,526
503,526
503,526
503,526
503,526
503,526
503,526
503,526
503,526
504,494
504,526
504,526
505,495
505,526
505,526
506,494
506,526
506,526
507,494
507,526
507,526
509,494
509,526
509,526
510,495
510,526
510,526
511,494
511,526
511,526
512,494
512,526
512,526
513,495
513,526
513,526
514,494
514,526
514,526
515,495
515,526
515,526
516,495
516,526
516,526
518,494
518,526
518,526
519,494
519,526
519,526
519,526
519,526
520,494
520,526
520,526
521,495
521,526
521,526
522,526
523,526
523,526
524,526
524,526
525,524
525,526
526,9
526,44
526,52
528,9
530,9
530,526
530,526
531,9
531,526
531,526
532,9
532,526
533,82
533,82
533,82
533,82
533,82
533,82
533,82
533,82
533,82
533,82
533,82
533,82
533,82
533,82
533,84
533,82
533,82
533,82
533,82
533,82
533,82
533,82
533,82
533,82
533,82
533,82
533,82
533,82
533,82
533,82
533,82
533,82
533,82
533,82
533,82
533,82
533,82
533,82
533,82
533,82
533,82
533,82
533,82
533,82
533,82
533,82
533,82
534,365
535,365
536,9
537,9
538,536
538,82
539,537
539,46
539,538
539,538
539,538
540,9
540,541
540,82
540,82
540,46
540,82
540,82
541,82
541,82
541,46
541,82
541,82
542,9
543,9
543,541
543,82
543,82
543,46
543,82
543,82
544,540
544,526
544,82
544,82
544,82
544,82
544,46
547,541
547,526
547,82
548,82
548,82
548,541
548,543
548,541
548,82
548,82
548,543
548,541
549,540
549,526
549,82
549,82
549,82
549,82
549,46
552,553
552,703
553,703
553,703
553,703
553,703
554,723
555,703
556,703
558,703
559,560
559,703
559,703
561,705
561,705
561,705
562,560
562,564
562,564
562,703
562,703
565,560
565,703
565,703
566,678
566,695
566,695
567,568
569,568
569,703
570,567
570,703
571,568
571,703
572,568
572,703
573,569
573,703
574,703
574,703
575,678
578,575
578,703
578,703
578,703
580,585
580,695
581,585
581,695
581,695
582,583
582,723
583,575
583,723
585,575
586,575
586,695
587,606
587,703
587,703
589,606
589,677
589,606
589,606
589,606
589,606
589,606
589,703
589,703
589,606
590,617
590,702
590,703
590,703
591,608
592,587
592,703
592,703
592,703
593,594
595,611
595,703
595,703
595,703
595,703
596,587
596,677
596,703
596,703
596,703
596,703
597,598
599,587
599,677
599,703
599,703
599,703
599,703
601,606
601,606
601,606
602,587
602,677
602,703
602,703
602,703
603,604
605,587
605,677
605,703
605,703
605,662
605,703
605,703
606,703
606,703
607,606
607,677
607,606
607,606
607,703
607,703
607,606
609,617
609,702
609,702
609,702
609,703
609,703
610,601
610,606
610,606
610,606
610,606
610,606
611,587
611,677
611,703
611,703
611,703
611,703
612,614
613,611
615,611
615,703
615,703
615,703
615,703
616,587
616,703
616,703
616,703
616,703
616,703
616,703
617,606
617,702
617,702
617,702
617,703
617,703
621,620
621,677
622,703
622,703
622,623
622,172
622,703
622,170
622,172
622,723
622,703
622,172
622,703
622,172
622,279
622,703
622,279
622,703
622,279
622,703
622,170
624,623
625,703
626,703
627,695
627,703
628,677
628,646
628,705
628,705
629,628
629,646
629,705
629,705
630,637
630,705
630,662
630,705
630,705
631,646
631,638
631,703
631,703
635,637
635,705
635,662
635,705
635,705
636,646
636,705
637,646
637,705
637,662
637,705
637,662
637,705
637,705
637,705
637,705
639,644
639,705
639,705
640,642
640,703
640,703
640,703
642,629
642,705
642,705
643,645
643,705
643,705
643,705
644,645
644,705
644,705
645,629
645,705
645,705
647,628
647,646
647,705
647,705
647,705
647,705
647,705
647,705
648,654
651,641
652,705
652,654
653,703
653,654
655,646
656,705
656,705
656,705
657,662
657,705
657,705
657,703
657,703
660,657
660,667
660,703
660,703
660,703
660,703
661,658
663,705
663,662
663,705
663,662
663,705
663,705
663,662
663,705
664,703
664,703
664,702
664,703
664,702
664,702
665,703
665,703
665,702
665,702
666,703
666,703
668,703
668,667
669,667
669,662
669,705
670,723
670,703
670,703
670,703
671,703
671,706
671,703
671,706
671,703
671,705
671,703
671,705
671,703
671,705
671,703
671,705
672,703
672,553
678,677
684,686
685,735
690,703
690,754
690,738
690,738
690,738
690,754
690,754
690,738
690,738
690,738
690,738
691,690
691,738
691,738
691,738
691,738
691,738
691,754
691,738
691,738
691,738
691,754
691,754
692,704
692,702
692,695
692,738
692,722
692,738
692,738
692,754
692,738
692,738
692,738
693,704
693,722
693,695
693,738
693,738
693,738
693,738
693,754
693,738
693,738
693,738
694,722
695,703
695,754
695,738
695,738
695,738
695,738
695,738
695,738
696,700
696,695
696,707
696,754
696,754
696,738
696,738
696,738
696,738
696,738
696,738
696,738
696,754
697,695
698,691
698,695
698,754
698,754
698,738
698,738
698,738
698,738
698,738
698,738
698,738
698,754
699,695
700,691
700,695
700,707
700,754
700,754
700,738
700,738
700,738
700,738
700,738
700,738
700,738
700,754
701,695
702,695
702,754
702,738
702,738
702,738
702,738
702,738
702,738
703,705
703,754
703,738
703,738
703,738
703,738
703,738
703,738
704,703
704,703
704,738
704,738
704,754
704,738
704,738
704,738
704,738
705,738
705,738
705,738
705,738
705,738
706,703
706,754
706,738
706,738
706,738
706,738
706,738
706,738
708,704
708,703
708,738
708,734
708,734
708,738
708,738
708,754
708,738
708,738
708,738
709,691
709,722
709,754
709,738
709,738
709,754
709,738
709,738
709,738
709,738
709,738
709,754
710,695
712,720
712,707
712,738
712,738
712,754
712,754
712,738
712,738
712,738
712,738
712,738
712,754
713,703
714,705
714,707
714,738
714,738
714,738
714,738
714,738
715,705
716,712
716,707
716,738
716,738
716,754
716,754
716,738
716,738
716,738
716,738
716,738
716,754
717,703
718,690
718,703
718,738
718,738
718,754
718,754
718,738
718,738
718,738
718,738
718,738
718,754
719,703
720,690
720,707
720,738
720,738
720,754
720,754
720,738
720,738
720,738
720,738
720,738
720,754
721,703
722,702
722,754
722,738
722,738
722,738
722,738
722,738
722,738
723,703
723,754
723,738
723,738
723,738
723,738
723,738
723,738
724,728
724,723
724,754
724,738
724,754
724,738
724,738
724,738
724,738
724,738
724,738
724,754
725,723
726,691
726,723
726,754
726,754
726,738
726,738
726,738
726,738
726,738
726,738
726,738
726,754
727,723
728,691
728,723
728,707
728,754
728,738
728,754
728,738
728,738
728,738
728,738
728,738
728,738
728,754
729,723
730,703
730,732
730,732
730,703
731,730
731,703
731,732
731,732
731,703
733,730
733,703
733,732
733,732
733,703
734,730
736,737
736,703
736,703
737,703
737,703
739,703
739,703
739,695
739,695
739,723
739,723
739,743
739,702
739,745
739,722
739,703
739,703
739,695
739,695
739,723
739,723
739,751
739,722
739,749
739,702
741,703
741,738
741,738
741,754
741,738
741,738
741,738
741,738
742,741
742,695
742,738
742,738
742,754
742,738
742,738
742,738
742,738
743,742
743,702
743,702
743,738
743,738
743,754
743,738
743,738
743,738
743,738
744,741
744,738
744,738
744,754
744,738
744,738
744,738
744,738
745,743
745,722
745,722
745,738
745,738
745,754
745,738
745,738
745,738
745,738
746,741
746,723
746,738
746,738
746,754
746,738
746,738
746,738
746,738
747,703
747,738
747,738
747,754
747,738
747,738
747,738
747,738
748,747
748,695
748,738
748,738
748,754
748,738
748,738
748,738
748,738
749,750
749,702
749,738
749,738
749,754
749,738
749,738
749,738
749,738
750,747
750,738
750,738
750,754
750,738
750,738
750,738
750,738
751,749
751,722
751,738
751,738
751,754
751,738
751,738
751,738
751,738
752,747
752,723
752,738
752,738
752,754
752,738
752,738
752,738
752,738
753,737
753,703
753,703
757,703
757,703
757,703
757,703
757,703
757,703
758,702
758,702
758,702
758,722
758,702
758,702
758,702
758,702
758,702
759,703
759,703
762,705
762,705
766,705
768,705
769,759
769,703
769,703
769,703
770,703
770,703
770,703
770,703
770,703
770,703
770,686
770,686
770,686
770,686
770,686
770,686
773,703
773,703
773,703
773,703
773,703
773,703
775,791
775,776
775,792
777,775
777,792
777,776
778,775
778,792
778,779
778,779
778,776
782,789
783,768
783,782
783,705
784,775
784,792
784,785
784,785
784,793
784,793
784,777
784,777
784,786
784,786
784,776
786,775
786,792
786,778
786,776
787,788
787,788
787,791
789,787
789,791
791,792
793,775
793,792
793,794
793,776
794,775
794,792
794,776
795,798
795,798
795,791
795,806
795,798
796,795
796,806
796,776
796,798
796,791
796,806
796,798
797,795
797,806
797,777
797,798
797,791
797,806
797,798
799,789
799,798
799,798
800,795
800,806
800,778
800,798
800,791
800,806
800,798
801,795
801,806
801,784
801,798
801,791
801,806
801,798
803,795
803,806
803,786
803,798
803,791
803,806
803,798
804,795
804,806
804,787
804,788
804,798
804,791
804,806
804,798
805,795
805,806
805,793
805,798
805,791
805,806
805,798
806,799
806,789
806,777
806,789
806,799
806,793
806,786
806,705
806,784
807,795
807,806
807,794
807,798
807,791
807,806
807,798
808,795
808,806
808,798
808,791
808,806
808,798
809,798
810,825
810,1028
810,1035
810,823
810,823
810,1018
810,823
810,823
810,1018
810,823
810,823
811,1035
811,833
811,606
811,832
811,832
811,606
811,828
811,601
811,988
811,601
811,988
811,834
811,834
811,834
811,834
811,832
811,832
811,606
811,606
811,967
811,967
811,967
811,967
811,828
811,909
811,834
811,834
814,811
814,811
815,832
815,1035
815,606
815,606
815,606
815,606
815,606
815,620
815,621
818,835
825,1010
825,1028
825,1035
825,823
825,823
825,1018
825,823
825,823
825,1018
825,823
825,823
827,828
827,601
827,1021
827,825
827,601
827,1021
827,967
827,967
827,967
827,967
827,1003
827,986
827,1003
827,986
827,737
827,737
827,825
828,601
828,1021
828,825
828,601
828,1021
828,967
828,967
828,967
828,967
828,1003
828,986
828,1003
828,986
828,737
828,737
828,825
829,735
830,735
831,811
831,606
831,828
831,601
831,988
831,601
831,988
831,834
831,834
831,834
831,834
831,832
831,832
831,606
831,606
831,967
831,967
831,967
831,967
831,828
831,909
831,834
831,834
832,1035
832,606
832,606
832,606
832,620
833,828
833,601
833,988
833,601
833,988
833,834
833,834
833,834
833,834
833,832
833,832
833,606
833,606
833,967
833,967
833,967
833,967
833,828
835,811
835,606
835,606
835,832
835,832
835,837
835,837
835,885
835,828
835,601
835,988
835,601
835,988
835,834
835,834
835,834
835,834
835,832
835,832
835,606
835,606
835,967
835,967
835,967
835,967
835,828
835,909
835,834
835,834
838,857
838,828
838,828
838,846
838,846
839,834
840,858
840,891
840,828
840,838
840,828
840,838
840,892
840,886
840,886
844,891
844,891
845,846
845,846
845,846
847,838
853,828
853,846
853,845
853,845
853,845
853,845
853,854
853,846
853,828
853,855
854,834
854,828
854,855
854,845
854,845
854,828
854,855
856,866
856,909
856,835
856,833
857,886
858,899
858,891
858,892
858,886
858,886
863,857
864,857
866,909
866,833
867,858
867,891
867,892
867,886
867,886
868,891
868,891
869,857
870,834
871,834
872,858
872,891
872,828
872,828
872,892
872,838
872,869
872,887
872,878
872,886
872,886
877,891
877,891
878,863
887,857
888,909
888,833
889,857
890,912
891,837
891,892
893,858
893,891
893,889
893,889
893,892
893,886
893,886
894,891
894,891
895,867
895,891
895,892
895,886
895,886
896,885
896,835
897,857
898,834
899,837
899,886
899,886
900,857
901,864
903,900
904,910
904,909
904,909
904,909
904,909
905,911
906,912
907,835
907,835
907,835
907,835
907,837
907,837
907,885
907,828
907,601
907,988
907,601
907,988
907,834
907,834
907,834
907,834
907,832
907,832
907,606
907,606
907,967
907,967
907,967
907,967
907,828
907,909
907,834
907,834
908,834
908,835
908,835
909,833
910,857
910,909
910,909
910,909
910,909
911,857
912,857
913,909
913,833
914,857
916,938
917,735
919,735
921,915
921,924
921,735
921,737
921,737
922,915
922,924
922,735
922,737
922,737
923,915
923,924
923,735
923,737
923,737
924,737
924,737
925,915
925,735
926,915
926,924
926,735
926,737
926,737
927,915
927,924
927,735
927,737
927,737
928,915
928,924
928,735
928,737
928,737
929,915
929,735
930,915
930,735
931,916
932,835
935,966
936,966
937,966
941,947
941,835
941,946
941,946
942,834
942,946
943,1006
943,835
943,835
943,1014
943,891
943,1014
943,891
943,1007
943,1007
943,1008
943,1008
944,941
944,835
944,946
944,946
945,941
945,947
945,835
945,946
945,946
946,948
946,1028
946,1018
946,1018
946,1018
947,946
948,1019
948,1018
948,1018
948,1018
948,1018
949,941
949,947
949,835
949,946
949,946
950,980
950,828
950,606
950,828
950,606
951,828
951,606
952,834
952,828
952,606
954,607
954,1034
954,606
954,703
954,606
954,703
954,606
955,677
955,835
955,606
955,606
956,607
956,1035
956,1034
956,606
956,703
956,606
956,703
956,606
957,606
957,703
957,703
959,956
959,957
959,1035
959,1034
959,606
959,703
959,606
959,703
959,606
960,958
961,967
962,968
962,601
962,606
962,606
962,606
962,606
962,606
963,601
963,833
963,833
963,606
963,606
963,606
964,969
964,601
964,833
964,833
964,606
964,606
964,606
964,970
964,970
965,961
965,967
967,966
968,610
968,601
968,606
968,606
968,606
968,606
968,606
969,601
969,833
969,833
969,606
969,606
969,606
969,970
969,970
971,969
971,601
971,833
971,833
971,606
971,606
971,606
971,970
971,970
972,985
972,828
972,828
972,828
972,828
973,991
973,828
973,986
973,828
973,606
974,989
974,985
974,985
974,828
974,606
975,988
975,993
975,989
975,989
975,828
975,606
975,828
975,606
975,828
975,606
975,828
975,606
975,828
975,606
975,995
975,991
975,995
975,993
975,991
976,995
976,998
976,998
976,828
976,1003
976,828
976,606
976,998
976,999
976,999
978,999
978,998
979,999
979,998
980,993
980,828
980,606
981,985
981,828
981,828
981,828
981,828
983,986
984,1003
985,828
985,828
985,828
985,828
987,993
987,967
987,828
987,606
988,993
988,989
988,989
988,828
988,606
988,828
988,606
988,828
988,606
988,828
988,606
988,828
988,606
988,995
988,991
988,995
988,993
988,991
989,985
989,985
989,828
989,606
990,989
990,985
990,985
990,828
990,606
991,828
991,606
992,991
992,828
992,606
993,828
993,606
994,993
994,828
994,606
995,998
995,828
995,606
995,998
995,999
995,999
996,995
996,998
996,828
996,606
996,998
996,999
996,999
997,999
997,998
999,998
1000,974
1000,989
1000,985
1000,985
1000,828
1000,606
1001,995
1001,828
1001,998
1001,828
1001,1003
1001,828
1001,606
1001,998
1001,999
1001,999
1002,999
1002,998
1004,703
1004,703
1004,703
1004,703
1004,703
1004,703
1004,703
1004,703
1004,703
1005,702
1005,702
1005,606
1005,702
1006,1013
1006,835
1006,891
1006,1014
1006,891
1006,1007
1006,1007
1006,1008
1006,1008
1007,834
1007,1014
1008,834
1008,1014
1009,1010
1009,1028
1011,1014
1011,1018
1011,1018
1011,1018
1011,1018
1012,1006
1012,1013
1012,835
1012,835
1012,1014
1012,891
1012,1014
1012,891
1012,1007
1012,1007
1012,1008
1012,1008
1013,1014
1013,891
1014,1019
1014,1018
1014,1018
1014,1018
1014,1018
1016,1014
1016,1018
1016,1018
1016,1018
1016,1018
1017,1009
1017,1018
1017,1028
1017,1035
1018,1028
1018,1035
1019,1018
1019,1018
1019,1018
1019,1018
1021,1020
1022,1011
1022,1027
1022,1018
1022,1018
1022,1018
1024,1029
1024,1010
1024,1010
1024,1010
1024,1010
1025,1006
1025,835
1025,835
1025,1014
1025,891
1025,1014
1025,891
1025,1007
1025,1007
1025,1008
1025,1008
1026,1016
1026,1027
1026,1018
1026,1018
1026,1018
1027,1028
1028,1010
1029,1030
1029,1010
1029,1010
1029,1010
1029,1010
1030,1021
1030,1010
1030,1010
1030,1010
1030,1010
1031,1006
1031,1013
1031,835
1031,1014
1031,891
1031,1014
1031,891
1031,1007
1031,1007
1031,1008
1031,1008
1032,677
1032,677
1036,1035
1039,737
1039,703
1039,703
