# index, name, _pos
0,AC3.3,"array([23.01086627,  3.37279773])"
1,F29G6.3,"array([18.62409051,  2.86560306])"
2,R05F9.10,"array([29.06762948,  6.29960044])"
3,Y69H2.3,"array([18.42266653,  0.12721902])"
4,AC3.7,"array([11.09460005,  8.46041922])"
5,Y40B10A.2,"array([11.4715647 ,  6.36113959])"
6,B0001.4,"array([ 1.77817357, -9.1840636 ])"
7,F19B6.1,"array([ 1.59144005, -8.4855017 ])"
8,B0001.7,"array([34.94293524, 24.99542775])"
9,B0281.5,"array([34.26222196, 24.81018926])"
10,F37H8.1,"array([35.63075017, 25.23658296])"
11,B0024.10,"array([21.48437306, 30.33019298])"
12,C06A1.1,"array([20.9361805 , 31.00121782])"
13,B0024.12,"array([ 6.08507402, 21.31947008])"
14,C06E2.1,"array([ 5.79232948, 20.71491529])"
15,B0024.14,"array([18.42297885, -0.19905189])"
16,B0228.1,"array([18.10294866, -2.17052194])"
17,C05G6.1,"array([17.18241465, -0.77586827])"
18,DH11.4,"array([20.74879666,  1.68824828])"
19,F48G7.10,"array([17.74429237,  0.80966693])"
20,K08E7.5,"array([17.33215026,  0.52217948])"
21,T21D12.11,"array([17.62138098, -0.74559257])"
22,Y69H2.10,"array([17.54184889, -0.32573361])"
23,B0024.9,"array([  8.95849129, -13.98668641])"
24,F12F6.7,"array([  8.59477529, -14.56648421])"
25,B0034.1,"array([24.5814675 , -5.77824236])"
26,F17E9.5,"array([24.79008056, -3.28829867])"
27,F25D7.1,"array([23.85105791, -6.55319839])"
28,F45H10.4,"array([24.46971559, -6.62257708])"
29,Y23H5A.4,"array([23.9143957 , -7.08089668])"
30,Y38C1AA.7,"array([24.16825355, -6.26138342])"
31,B0034.3,"array([17.03552791, 10.13110268])"
32,T19C3.8,"array([17.38686039,  8.73905758])"
33,B0035.1,"array([24.67121678,  3.28200761])"
34,K09B11.9,"array([22.81133167,  3.06515162])"
35,R02F2.5,"array([25.09476009,  2.6676136 ])"
36,B0035.6,"array([11.26383984,  2.72450512])"
37,D2007.2,"array([9.89849094, 2.69010642])"
38,ZK1225.6,"array([13.26365017,  2.96374112])"
39,B0041.4,"array([11.72972996,  7.73618136])"
40,B0041.6,"array([18.8505641 , 10.73741724])"
41,CC4.3,"array([19.41560823,  9.1918515 ])"
42,B0205.3,"array([18.08387769,  0.32882747])"
43,ZK1053.5,"array([19.14772743,  1.17630413])"
44,B0205.7,"array([14.4158517 ,  5.35841204])"
45,T01G9.6,"array([16.31844274,  4.74312904])"
46,Y54E10A.3,"array([13.37431365,  5.94033294])"
47,B0205.8,"array([19.39778052,  4.10084777])"
48,W05H7.4,"array([20.75862105,  2.71646967])"
49,B0213.12,"array([41.47767748, 18.42137454])"
50,ZK899.3,"array([41.01192714, 17.92459212])"
51,B0213.2,"array([15.29731643,  7.05749171])"
52,F52H2.5,"array([17.35058865,  5.22505703])"
53,T19D7.2,"array([14.32064902,  8.29172912])"
54,Y75D11A.3,"array([14.11668429,  7.73841948])"
55,F20C5.6,"array([20.1669618 , -1.27901944])"
56,Y43F8C.4,"array([16.55570653, -3.35493932])"
57,B0238.11,"array([32.33736282, -4.49429111])"
58,C18G1.2,"array([32.21990808, -3.59127297])"
59,B0261.7,"array([45.76688041, 18.78752342])"
60,C36B1.11,"array([46.07774548, 18.16089634])"
61,B0272.1,"array([21.36097221,  9.01118942])"
62,T11B7.1,"array([21.50829538,  6.42933145])"
63,B0273.3,"array([1.1981428e+01, 1.1436899e-02])"
64,Y39E4B.2,"array([13.44189367,  0.48166149])"
65,B0280.3,"array([25.07969323, -5.74422672])"
66,F37B1.4,"array([24.13437488, -3.02547775])"
67,ZK632.1,"array([25.30809308, -8.21344779])"
68,B0286.4,"array([19.35334387,  5.79346809])"
69,C49A1.4,"array([20.62328376,  4.86182439])"
70,Y56A3A.1,"array([19.12806713,  5.25770645])"
71,B0303.7,"array([21.41200754,  6.03387434])"
72,C02C6.1,"array([22.25211227,  4.41001142])"
73,B0304.1,"array([18.48131065,  7.69280576])"
74,F54D10.7,"array([19.74994417,  6.35371523])"
75,B0310.6,"array([45.73379196, 13.6598738 ])"
76,K11G9.6,"array([46.05942635, 14.30216111])"
77,B0334.1,"array([ 29.65762529, -14.40074118])"
78,F52E1.7,"array([ 28.85421552, -13.03289677])"
79,B0336.3,"array([ 11.9926088 , -20.58114004])"
80,C17E4.5,"array([ 12.5615455 , -20.20664251])"
81,B0336.7,"array([23.55897191,  8.25508854])"
82,C27B7.1,"array([21.87288976, 10.1047615 ])"
83,T08E11.4,"array([24.38369491,  9.28279698])"
84,Y57A10B.6,"array([24.41174628,  5.15855115])"
85,B0348.6,"array([18.89834356, -5.92543269])"
86,F56F3.1,"array([17.73442425, -7.0378481 ])"
87,T14G10.8,"array([18.26751171, -7.44174796])"
88,Y18D10A.8,"array([20.55064167, -3.5949657 ])"
89,B0350.2,"array([21.48540206, -4.33030846])"
90,C11E4.6,"array([21.8284842 , -1.74830773])"
91,Y59A8B.12,"array([20.88128508, -5.906567  ])"
92,B0391.11,"array([30.25122737, -7.32937735])"
93,F46A9.5,"array([28.73630927, -7.26924905])"
94,B0393.4,"array([23.78186425,  5.2954337 ])"
95,Y54E2A.3,"array([23.79222635,  3.03529599])"
96,ZK858.4,"array([26.06549006,  4.71391603])"
97,B0412.1,"array([19.92643126,  9.61642666])"
98,F19H8.3,"array([19.14383388, 11.9671028 ])"
99,B0414.8,"array([26.41041291,  1.02748292])"
100,C13F10.2,"array([30.04966942,  1.25979882])"
101,F08C6.3,"array([27.92210867,  0.42453194])"
102,F15C11.1,"array([22.14648939,  1.45476355])"
103,B0491.3,"array([47.64779032, -5.88504534])"
104,Y106G6H.13,"array([48.11551655, -6.39180689])"
105,B0507.3,"array([14.92598303,  8.70796997])"
106,F46C8.5,"array([15.87744817,  7.57484069])"
107,B0511.10,"array([28.89333699,  2.05204596])"
108,K02E7.9,"array([27.31178746,  1.0658532 ])"
109,B0511.8,"array([20.58535881, -1.41707695])"
110,C50F4.1,"array([21.23080611, -0.22111923])"
111,B0513.1,"array([27.64575055, 23.34732527])"
112,T23B5.1,"array([26.96966209, 23.20338614])"
113,B0513.2,"array([-1.91194697, -1.68499116])"
114,Y32H12A.2,"array([-1.28015632, -1.96520569])"
115,B0554.4,"array([22.04798289,  0.1520706 ])"
116,M117.2,"array([22.70970571,  1.60842248])"
117,B0563.4,"array([-5.59844206, -2.14316196])"
118,C14B1.2,"array([-5.94429362, -2.72695442])"
119,B0564.1,"array([20.71886301, -0.033186  ])"
120,C52B11.2,"array([21.14565347,  1.39712917])"
121,C01B10.8,"array([24.407922  , 10.11733693])"
122,Y113G7B.23,"array([24.24776647,  8.36170831])"
123,C01B7.4,"array([20.53080165, 19.32537485])"
124,C04A11.4,"array([19.81064481, 19.87964873])"
125,F10C1.1,"array([20.28066967, 20.4410168 ])"
126,F38C2.5,"array([20.34786249, 17.44551499])"
127,H25P06.2,"array([21.34083536, 19.75402386])"
128,T25B6.4,"array([20.97111087, 20.38509575])"
129,C01C10.2,"array([29.01442754, -5.46528261])"
130,C02F5.1,"array([29.39174464, -4.36696836])"
131,T07G12.6,"array([27.77795356, -5.82955425])"
132,C01F6.5,"array([-0.95956068,  0.47337159])"
133,T20G5.11,"array([-1.53199712,  0.12201559])"
134,C01F6.8,"array([12.59448662, -1.7763113 ])"
135,T28D9.10,"array([11.36902982, -2.55166541])"
136,Y116A8C.42,"array([11.85359989, -2.93471412])"
137,Y49E10.15,"array([11.27483478, -1.90427372])"
138,Y71F9B.4,"array([14.81878555, -0.14492067])"
139,C01F6.9,"array([10.32044358,  7.6774326 ])"
140,C01G10.11,"array([30.51928315,  2.92835807])"
141,K01A6.4,"array([27.86203691,  3.15237891])"
142,T07A5.6,"array([31.96048578,  3.12678951])"
143,T22D1.3,"array([31.98117522,  2.57972453])"
144,C01G5.6,"array([18.27466488,  8.86633664])"
145,M03B6.1,"array([19.24110609,  7.33868846])"
146,C01G5.8,"array([23.15154118,  6.76525572])"
147,K12C11.2,"array([24.08720827,  5.10962761])"
148,C01G8.6,"array([17.1424913,  3.6219096])"
149,Y59A8B.7,"array([18.6026732 ,  3.25980694])"
150,C01H6.5,"array([20.07541944,  1.31353202])"
151,C06G1.5,"array([21.79862974,  2.07431609])"
152,C02A12.1,"array([-5.44504437,  4.250111  ])"
153,Y87G2A.14,"array([-5.42200244,  3.57775368])"
154,C02B10.5,"array([23.62054603,  7.40875751])"
155,Y73F8A.16,"array([23.30116454,  5.56818631])"
156,C02B10.6,"array([46.45906058, 14.90310002])"
157,C02B4.2,"array([-0.32440376, 15.78872505])"
158,C24G6.4,"array([ 0.32967878, 15.97211778])"
159,C02B8.3,"array([32.07836185, 12.30483041])"
160,F11D5.1,"array([31.71637152, 11.06345317])"
161,C02B8.4,"array([11.41169129, 23.02653456])"
162,Y7A9D.1,"array([10.890955  , 22.57317239])"
163,K02E10.2,"array([22.3211247 ,  2.73293244])"
164,Y65B4BR.4,"array([23.16851072,  3.05007929])"
165,C02F12.8,"array([18.78795428,  6.83434437])"
166,C32D5.8,"array([17.72973312,  8.19840731])"
167,C02F4.2,"array([49.01295631,  1.03857386])"
168,F54E7.7,"array([49.28958284,  0.41298788])"
169,H18N23.2,"array([27.45123596, -2.77667767])"
170,K04A8.1,"array([30.94769891, -4.47304308])"
171,Y69E1A.2,"array([30.44938841, -5.28998958])"
172,C02F5.9,"array([29.19674231, -0.07239572])"
173,C08E3.9,"array([27.04759362,  0.50116524])"
174,R06C1.3,"array([30.56034428, -0.04966823])"
175,C03A3.2,"array([17.35380921,  4.62238162])"
176,C03A7.4,"array([ -0.96550487, -14.71400237])"
177,F23A7.1,"array([ -0.61482002, -15.30498156])"
178,C03C10.4,"array([23.98013848,  5.79269479])"
179,F32B4.4,"array([22.25917885,  3.56609685])"
180,F55H2.7,"array([22.83149151,  4.06384297])"
181,K12F2.2,"array([22.02607447,  3.91886913])"
182,R07E5.1,"array([25.12480936,  8.72167924])"
183,T04H1.2,"array([26.25331928,  6.4919278 ])"
184,T27F6.4,"array([25.87004085,  7.23572727])"
185,Y54E10A.5,"array([22.57080696,  5.281783  ])"
186,C03D6.1,"array([20.77224664, -0.49052914])"
187,R102.5,"array([21.45277724, -0.88641545])"
188,ZK112.2,"array([21.42935857,  1.60742791])"
189,ZK849.2,"array([20.0283172 , -1.86756058])"
190,C03G6.3,"array([ 2.73640331, 21.94694111])"
191,F21D5.4,"array([ 3.1000504 , 21.23842856])"
192,C04C3.5,"array([17.71448074,  0.44398434])"
193,C44B9.2,"array([19.48527511,  1.10533232])"
194,C04E6.7,"array([ 40.71731404, -16.42443283])"
195,W10G11.17,"array([ 40.07211624, -16.17827934])"
196,C04F1.3,"array([17.46800843,  5.92813512])"
197,F58A3.1,"array([20.15791742,  4.82608491])"
198,C04F12.3,"array([21.83254515,  4.84584159])"
199,C36C9.1,"array([22.83586747,  3.52034401])"
200,F54G8.4,"array([20.99656239,  4.01377229])"
201,C04G6.4,"array([23.38779357,  1.99941936])"
202,C05C10.5,"array([25.70999543,  0.69464267])"
203,F18A1.3,"array([25.93380416,  1.91473095])"
204,T02E1.3,"array([29.32973149,  1.80298172])"
205,ZC239.15,"array([24.63567416, -0.6033594 ])"
206,ZC8.4,"array([23.10301156,  1.21532177])"
207,ZK1055.7,"array([23.23754504, -0.19316253])"
208,C05C8.2,"array([25.49788763,  1.92494145])"
209,C06A5.9,"array([23.81642276,  1.83414557])"
210,C05D10.1,"array([16.98644925,  1.87601062])"
211,C18H9.7,"array([18.79797939,  1.60996321])"
212,C05D10.4,"array([16.79878569, -1.93325273])"
213,C05D12.2,"array([11.37273449,  6.92687241])"
214,C05D12.4,"array([25.71608691,  1.07909118])"
215,C05D2.4,"array([48.41168281, 13.01562402])"
216,C05D9.1,"array([24.41742847, -5.36510919])"
217,C06E1.1,"array([23.38177067, -3.8190018 ])"
218,Y59A8B.22,"array([24.96833   , -7.07715528])"
219,C05D9.3,"array([9.26067068, 6.79726088])"
220,C05E11.6,"array([34.71413177,  3.60070846])"
221,W09C2.1,"array([34.36856421,  2.26119855])"
222,C05G5.5,"array([25.48881137, -2.78476886])"
223,R05D8.8,"array([24.75978591, -1.12026836])"
224,K10C3.6,"array([14.85324803, -2.73857078])"
225,C41C4.8,"array([20.4560592 , 30.21503041])"
226,F23C8.4,"array([21.83848522, 31.11651154])"
227,F28F8.6,"array([20.00901094, 30.78974861])"
228,F45E4.2,"array([20.45928396, 31.73448679])"
229,T19B10.6,"array([21.33230166, 31.80561491])"
230,C06B8.8,"array([25.68233226,  2.34770231])"
231,C17E7.4,"array([22.83228001, -2.46656506])"
232,C18A3.3,"array([25.09455916,  1.94728271])"
233,C18H9.1,"array([22.46228767,  3.94990377])"
234,C24D10.6,"array([24.19199955,  2.07445744])"
235,C38D9.1,"array([23.30214502,  0.61514109])"
236,D1086.4,"array([25.8544453 ,  1.42516674])"
237,F08F8.1,"array([20.78136463,  0.78968132])"
238,F12E12.5,"array([24.92183623,  3.62617495])"
239,F27C1.6,"array([24.7915152 ,  0.25238381])"
240,F30A10.2,"array([20.92988284,  2.26383136])"
241,F37C12.4,"array([25.24401331,  1.16979169])"
242,F44G3.9,"array([19.75488367,  4.28160097])"
243,F59B8.1,"array([25.32521582,  4.13001946])"
244,H06I04.1,"array([22.00223384,  1.75490365])"
245,H06I04.3,"array([25.25575435,  0.79242531])"
246,K10C9.7,"array([28.10099734, -1.04517716])"
247,R03D7.4,"array([25.42827564,  1.52835194])"
248,R07G3.7,"array([24.39496957,  0.49618654])"
249,R10E9.2,"array([25.20899898,  0.39425605])"
250,T01H8.5,"array([24.8343022 ,  0.70879389])"
251,T04F8.6,"array([22.88026203,  0.5095487 ])"
252,T12D8.9,"array([21.13552019,  0.48773349])"
253,Y113G7B.1,"array([26.66163788, -3.04595803])"
254,Y37A1B.1,"array([23.0530863 ,  4.65669487])"
255,Y37D8A.21,"array([21.99146235,  2.93979607])"
256,Y48E1B.10,"array([26.53022929,  0.42260034])"
257,Y48E1B.5,"array([24.96109296,  1.49922858])"
258,Y71G10AL.1,"array([22.48228107,  5.80493823])"
259,ZK682.7,"array([22.85051003, -0.38909841])"
260,C06A8.2,"array([ 10.19623409, -19.66037805])"
261,T02C12.2,"array([ 10.5111959 , -19.06411791])"
262,C06A8.3,"array([30.3527403,  6.3516728])"
263,C06A8.5,"array([20.95720826,  6.52365643])"
264,F59C12.3,"array([21.47492554,  5.00298319])"
265,C06A8.6,"array([ 3.97221508, -8.58609736])"
266,T06C10.3,"array([ 3.88824812, -7.9053564 ])"
267,C32D5.9,"array([21.89170751, -2.48717151])"
268,D2013.2,"array([22.67021029, -6.88397336])"
269,ZK593.6,"array([23.76593858, -0.23595461])"
270,C06E1.10,"array([22.1580277 ,  8.13104662])"
271,C06E1.5,"array([14.6653934 ,  2.39455797])"
272,ZK1248.3,"array([16.50006495,  2.41733687])"
273,C06E2.7,"array([26.4170828 ,  1.59902545])"
274,C06E7.1,"array([ 36.28235448, -19.93168835])"
275,C49F5.1,"array([ 35.67845552, -19.46869123])"
276,C06E7.3,"array([ 35.77513401, -18.70661295])"
277,C06E8.3,"array([21.76541726,  7.91291309])"
278,C33H5.15,"array([21.71401379,  3.57139973])"
279,F49F1.9,"array([25.68619205,  4.02120204])"
280,F52D2.4,"array([22.71004148,  4.80568567])"
281,R01E6.5,"array([20.11897848,  3.2921094 ])"
282,T11B7.4,"array([21.0650966 ,  3.66234183])"
283,T20F5.4,"array([23.16858197,  1.52688157])"
284,Y37H2A.1,"array([20.94287942,  1.97655249])"
285,Y57G11C.24,"array([21.49968944,  2.8633839 ])"
286,ZK121.2,"array([22.2828414 ,  3.12068191])"
287,C06G3.6,"array([18.83203747, -1.03766778])"
288,K12B6.8,"array([20.3086244 , -2.07149747])"
289,Y49E10.2,"array([18.31563758,  1.15156983])"
290,C06H5.2,"array([28.04141522, -2.74542798])"
291,R12H7.5,"array([28.36428504, -5.00831413])"
292,Y105C5B.14,"array([26.95350182, -0.16337357])"
293,C07A12.4,"array([30.14127524, 10.62376415])"
294,C31H1.6,"array([28.28847998,  9.27968558])"
295,C07A9.6,"array([33.77182366,  0.04473614])"
296,F39H12.1,"array([32.59176266,  0.44116953])"
297,C07A9.7,"array([25.73480275, -0.83727781])"
298,F35H8.5,"array([24.22170192,  0.0755426 ])"
299,C07E3.3,"array([13.3747674 ,  4.81999619])"
300,W09H1.6,"array([15.67199713,  3.27232628])"
301,C07G1.6,"array([17.47075854, -3.64629527])"
302,Y18D10A.5,"array([18.82537415, -2.24682444])"
303,C07G2.3,"array([ 8.5393988 , -3.30229505])"
304,T20B12.2,"array([ 7.54224409, -3.84364327])"
305,Y39A1A.3,"array([10.06074415, -2.47288272])"
306,C07H6.5,"array([-1.80669426, 11.26481582])"
307,R05D11.8,"array([-1.56107231, 10.62201158])"
308,C08B6.10,"array([26.73671594,  2.56564383])"
309,C08B6.9,"array([ 6.48449815, 16.40078205])"
310,Y38E10A.19,"array([ 7.04926868, 16.80155507])"
311,C08E3.7,"array([29.06951425, -8.09204312])"
312,F46A9.4,"array([28.43709648, -8.07443628])"
313,T22F3.3,"array([28.62248407, -0.07357369])"
314,C08F11.11,"array([30.45144574,  7.11434455])"
315,C08F8.8,"array([28.92139896, -1.38359956])"
316,W02D3.9,"array([27.81055754, -0.56778421])"
317,C08G5.5,"array([24.73824434,  2.92941413])"
318,C09B8.6,"array([-3.45028926, -3.11128569])"
319,H14N18.1,"array([-3.60816393, -2.45477166])"
320,C09G1.4,"array([21.64613187,  1.85737447])"
321,F57A10.4,"array([20.45202556, -0.8138355 ])"
322,F57C9.4,"array([21.23643793,  2.60206474])"
323,C09G12.8,"array([45.09204007,  3.30103064])"
324,C48G7.3,"array([45.09496958,  3.99584571])"
325,C09G12.9,"array([26.41873884, 25.4757812 ])"
326,CD4.4,"array([26.94150555, 25.99091043])"
327,F35F10.12,"array([25.88388864, 24.99647537])"
328,C09G5.2,"array([39.7538129 , 15.48899899])"
329,C14B1.5,"array([39.93183964, 14.82692625])"
330,C09H10.6,"array([ 30.30798313, -22.86710014])"
331,T22G5.5,"array([ 30.01754428, -22.23609431])"
332,C09H6.2,"array([10.28219789,  1.74093293])"
333,C14A6.1,"array([9.00192573, 1.8345631 ])"
334,D1007.16,"array([9.17208942, 1.04794459])"
335,F15A4.11,"array([13.26791807,  2.28667567])"
336,T25G12.4,"array([8.2858712 , 1.35328421])"
337,C10E2.4,"array([15.3635767 ,  0.97645854])"
338,M04G12.1,"array([17.66811856,  1.80375885])"
339,C10G6.1,"array([  7.95398764, -20.15090269])"
340,T26A5.9,"array([  7.53492632, -20.82199057])"
341,C10G8.6,"array([19.41525488,  6.63416367])"
342,C37A2.8,"array([22.38382154, -3.56219006])"
343,R07G3.8,"array([22.09886143, -3.90928721])"
344,C12D8.1,"array([22.55615434, -0.63577983])"
345,F34D10.4,"array([24.64375537,  1.91460353])"
346,K07F5.11,"array([22.40133894, -2.35090274])"
347,T21G5.5,"array([22.64072725,  0.14984309])"
348,C13D9.9,"array([34.45718498,  2.98325702])"
349,C28H8.11,"array([31.32722989,  0.23362613])"
350,C44F1.5,"array([31.84223264,  0.9386511 ])"
351,F22B7.13,"array([28.54677173,  3.9115965 ])"
352,T20G5.10,"array([31.3309637 ,  0.79640808])"
353,T24H7.4,"array([32.20193709, -0.19293139])"
354,Y37E11B.3,"array([31.51479814,  1.45416599])"
355,C13F10.6,"array([ 28.67070104, -13.88903757])"
356,C13F10.7,"array([0.50816486, 2.67800553])"
357,ZK632.12,"array([-0.07834913,  2.3285744 ])"
358,C13G3.3,"array([22.24301868,  5.49871622])"
359,C13G5.2,"array([22.07977231, 26.37019843])"
360,M163.1,"array([22.00667278, 25.58838676])"
361,C14A11.7,"array([35.83135387,  3.47329695])"
362,C14B1.3,"array([29.45361205, -8.82368341])"
363,C14B1.4,"array([17.45608688,  2.08881196])"
364,C14B9.1,"array([  1.85467622, -16.73173897])"
365,T22A3.2,"array([  1.56317305, -17.34849039])"
366,C14C10.3,"array([ 28.91416654, -16.43621926])"
367,EEED8.1,"array([ 28.62606905, -15.26736248])"
368,C14E2.1,"array([24.21505696,  7.14131032])"
369,C14F11.4,"array([14.14447083,  3.79951757])"
370,C15C7.5,"array([22.14877526,  6.02969556])"
371,F44D12.1,"array([22.75863396,  6.75508035])"
372,C15C8.2,"array([-1.78048476,  8.48450433])"
373,C25A1.11,"array([-2.48076814,  8.65395451])"
374,C15F1.7,"array([37.51985417, 23.93218275])"
375,F10E9.6,"array([37.77687405, 24.55899032])"
376,C15H11.6,"array([24.68397859, -2.38739168])"
377,Y71F9AM.5,"array([25.88593459, -3.5074238 ])"
378,C15H11.7,"array([ 4.16478434, 14.62757012])"
379,ZK945.2,"array([ 3.78630138, 15.2031208 ])"
380,C15H9.2,"array([27.02439998, 31.68693157])"
381,Y55F3AM.14,"array([27.63060245, 31.38353913])"
382,C15H9.7,"array([ 13.61478113, -17.0225801 ])"
383,C54D10.3,"array([ 13.23661876, -16.46893827])"
384,C16A11.5,"array([21.07211637, -1.45957126])"
385,C16A3.10,"array([ 21.57029488, -23.15371284])"
386,K04F10.2,"array([ 20.98026624, -22.76115302])"
387,C16B8.3,"array([22.52574653,  3.21066872])"
388,C17D12.2,"array([21.18400633,  2.88449593])"
389,C24H11.3,"array([23.68118621,  4.3617641 ])"
390,W01A11.4,"array([22.15341043,  2.0969329 ])"
391,Y80D3A.3,"array([21.3936638 ,  4.10761027])"
392,ZK1067.6,"array([23.68655479,  2.19161366])"
393,C16C10.3,"array([15.1659602 , 24.76948322])"
394,F43G9.5,"array([15.73729151, 24.39889909])"
395,C16C10.6,"array([10.82493645,  7.42768715])"
396,C16C8.11,"array([36.69360432,  2.06597273])"
397,H20J04.5,"array([38.02704291,  2.00595944])"
398,C16C8.4,"array([17.86734787, 11.3338439 ])"
399,Y47G6A.14,"array([17.9178515 ,  9.79556897])"
400,C16C8.5,"array([24.5862258 , -4.63079652])"
401,C16C8.9,"array([30.04328412,  7.8791441 ])"
402,C17C3.8,"array([23.51364443,  2.8898977 ])"
403,Y49E10.14,"array([21.52793043,  3.2232142 ])"
404,K02B9.2,"array([20.69043387,  3.98587254])"
405,T19E7.3,"array([19.78692145,  3.50030422])"
406,W10C8.2,"array([24.58186403,  4.88749938])"
407,C17D12.7,"array([23.8481087 , -0.88357892])"
408,K04G2.8,"array([22.67943008, -4.52400597])"
409,Y41E3.7,"array([21.44727077, -5.63769064])"
410,C17G1.7,"array([42.8884777 , 10.79459541])"
411,Y57A10A.24,"array([43.36542961, 10.31056726])"
412,C17G10.5,"array([27.70110336,  8.29769575])"
413,C18B2.5,"array([25.97996725,  9.36167086])"
414,C17H12.1,"array([14.79485906, 27.70644706])"
415,T24H10.6,"array([14.53697315, 27.07292608])"
416,C17H12.14,"array([25.02160702,  7.95913538])"
417,E02H4.2,"array([24.26696893,  4.52879428])"
418,F53G12.4,"array([26.3665624 ,  8.92058758])"
419,ZK652.6,"array([24.9960367 , 10.34135861])"
420,C17H12.2,"array([ 38.35673747, -17.87708084])"
421,F32A11.6,"array([ 38.7830313 , -18.40097954])"
422,C17H12.4,"array([36.06425412,  1.94056496])"
423,C18A11.2,"array([20.39112827, 10.68794812])"
424,F47B8.3,"array([20.83924916,  9.04567035])"
425,C18A3.5,"array([40.77366157, 24.65317457])"
426,F56F3.6,"array([40.21540896, 25.06152041])"
427,C18B2.2,"array([23.36662388,  9.3790918 ])"
428,F52E4.7,"array([23.12639356,  7.34735885])"
429,C18B2.4,"array([-1.65519675,  4.06291492])"
430,ZK1127.10,"array([-1.0960791 ,  4.51617388])"
431,ZC123.4,"array([23.84528106,  8.86005332])"
432,C18C4.10,"array([-5.35644993,  6.95074851])"
433,ZK1098.10,"array([-5.21741022,  7.61444872])"
434,C18D1.3,"array([33.36959006, -5.00687247])"
435,C18D4.8,"array([25.17345682,  5.37708194])"
436,C18E3.9,"array([15.88586908, -0.7787427 ])"
437,C18E9.8,"array([25.04309038, -4.28312345])"
438,F54A5.1,"array([26.49382414, -5.12116515])"
439,Y105C5B.19,"array([23.38887808, -2.83575747])"
440,C25E10.10,"array([32.95066113, -4.07309105])"
441,F11A5.2,"array([33.59494374, -4.41031686])"
442,F25D1.5,"array([34.32284126, -4.75051424])"
443,F31D4.4,"array([33.45725331, -3.75768455])"
444,K05B2.3,"array([32.9532303 , -3.35164628])"
445,T20D4.17,"array([32.54382006, -5.0559583 ])"
446,Y34D9A.3,"array([33.82869163, -3.29097236])"
447,Y38E10A.3,"array([32.97938794, -4.64445865])"
448,Y49F6C.3,"array([33.31738626, -2.88245269])"
449,Y59A8A.1,"array([33.9794683 , -3.91901635])"
450,F44F1.7,"array([20.03929279,  4.42726799])"
451,C25A1.4,"array([21.93002809,  0.66634194])"
452,D1037.3,"array([15.34162456,  0.15698647])"
453,F10D11.2,"array([18.59692209,  0.67585497])"
454,F49E8.4,"array([17.2597279 ,  3.04337369])"
455,F54C9.11,"array([20.05468153,  1.99324303])"
456,Y61A9LA.9,"array([19.24279923,  0.88138904])"
457,Y75B8A.17,"array([16.43129458,  1.62877083])"
458,ZK270.2,"array([16.93254069,  2.50427028])"
459,C23G10.2,"array([29.95618658,  4.57781403])"
460,C23H3.7,"array([30.53227074,  5.34919607])"
461,C23H4.1,"array([29.71127143,  5.22437963])"
462,C24B5.5,"array([16.54839882, -1.54987725])"
463,C24D10.2,"array([30.37774481, -3.34060373])"
464,F11G11.4,"array([28.73771162, -2.77334903])"
465,W01B11.1,"array([31.41111754, -3.48974035])"
466,C24G6.1,"array([29.66084062,  0.85926346])"
467,F59E12.10,"array([28.25297209,  1.54915108])"
468,F53A10.2,"array([-3.18939254,  8.78299165])"
469,C49C3.6,"array([21.09593155, -0.84163705])"
470,F01G10.2,"array([23.80604176,  1.10041653])"
471,F26B1.2,"array([22.20536274,  0.84790172])"
472,F42A6.7,"array([21.75070976, -1.13224017])"
473,Y106G6D.7,"array([22.68530537,  2.5157091 ])"
474,Y59A8B.10,"array([21.83731456,  3.21971791])"
475,C25A1.7,"array([24.96210099, -6.34576312])"
476,Y56A3A.7,"array([23.82785506, -4.99471208])"
477,C25E10.7,"array([17.27173973,  1.34709714])"
478,C25E10.8,"array([29.84701478,  6.75528375])"
479,C25F6.1,"array([32.20242406, 24.0627624 ])"
480,Y105E8B.4,"array([32.57486629, 23.48441866])"
481,C25G4.4,"array([15.96034415,  1.6859393 ])"
482,F55C5.1,"array([13.58181694,  1.54154807])"
483,W06F12.1,"array([19.91356331,  0.73850899])"
484,C26B2.3,"array([21.58024489, -2.15025493])"
485,C26B2.6,"array([12.4690153 ,  2.25183334])"
486,K08H2.1,"array([13.9569693 ,  2.78650755])"
487,C26D10.1,"array([18.37743247, -3.42461918])"
488,C26E6.5,"array([30.30239581, -7.97544519])"
489,C26E6.7,"array([ 1.43595617, 10.33210066])"
490,T18D3.7,"array([ 1.2716746 , 11.15245178])"
491,C26F1.3,"array([ 30.4309885 , -13.65114606])"
492,C27A12.2,"array([29.8131538,  0.198446 ])"
493,F47D12.4,"array([28.22787914,  0.9364402 ])"
494,C27A12.7,"array([19.45320204,  2.24924984])"
495,R01H2.6,"array([20.29121315,  0.38533764])"
496,C27A12.8,"array([19.71830734, -1.33457887])"
497,F28B12.3,"array([21.77840299, 11.90057646])"
498,C27D6.3,"array([29.71986607, -3.65618881])"
499,C27H5.1,"array([18.3583579, 13.1607548])"
500,C27H5.4,"array([25.7649267 ,  7.69103072])"
501,Y57A10A.8,"array([25.08853114,  5.83853685])"
502,C27H6.2,"array([  3.61866536, -19.21314535])"
503,T22D1.10,"array([  4.24320296, -19.49650784])"
504,C28C12.3,"array([31.33341919,  6.52668298])"
505,C28C12.4,"array([29.35198683,  5.50777598])"
506,C29E4.1,"array([9.67680981, 6.62284053])"
507,C29E4.5,"array([14.97270568, 11.55457882])"
508,W09D6.5,"array([15.88293864, 10.45044131])"
509,C29F5.1,"array([21.15887119, 14.53745197])"
510,F15E6.2,"array([21.17425252, 13.27604982])"
511,C29F9.5,"array([17.90677952,  6.74733412])"
512,K10B3.7,"array([16.28098262,  8.42834355])"
513,C30A5.2,"array([ 20.9615747 , -10.76927515])"
514,R01H10.5,"array([ 20.40266444, -12.23856126])"
515,Y43C5A.6,"array([21.80922596, -8.87806995])"
516,C30B5.1,"array([15.41838959, 30.87019904])"
517,F14D2.12,"array([14.99180906, 30.29247592])"
518,F42G4.3,"array([15.8753171 , 31.42639574])"
519,C30B5.3,"array([15.65908628,  1.49242553])"
520,C30F12.4,"array([23.44761387,  3.41743702])"
521,C31C9.3,"array([29.14007641, -6.25460761])"
522,H27M09.2,"array([29.17761701, 10.70029682])"
523,C32A3.1,"array([27.00897246,  6.29158548])"
524,C32B5.10,"array([ 22.98770349, -20.93477355])"
525,F38A5.7,"array([ 23.65771108, -21.24167707])"
526,Y46G5A.18,"array([21.05552967, -2.14834089])"
527,Y87G2A.3,"array([23.27669186, -2.21667382])"
528,C32E8.10,"array([17.9747236 ,  4.92372484])"
529,Y116A8C.36,"array([16.18547225,  4.13937534])"
530,C32E8.6,"array([27.1523082 , 10.29195955])"
531,C32F10.6,"array([19.50907596, -0.3953581 ])"
532,F14D12.2,"array([17.69811568, -1.70165185])"
533,M79.1,"array([20.87282018,  1.27800136])"
534,C32H11.5,"array([28.22631429,  6.6330258 ])"
535,C33D3.1,"array([46.14043775, -4.40128445])"
536,W08D2.8,"array([45.60060558, -3.98891262])"
537,C33D3.3,"array([15.85899195, -0.29879196])"
538,C33E10.1,"array([35.72041937,  2.4455754 ])"
539,C33G3.1,"array([34.80388443, 22.41349289])"
540,F28H6.4,"array([35.47032402, 22.59272735])"
541,C33G8.10,"array([17.74245573, -1.34201735])"
542,C33G8.4,"array([34.92645554,  1.9133974 ])"
543,C33G8.8,"array([17.33190102, -1.94292861])"
544,C33H5.12,"array([18.6503925 , -0.60235263])"
545,K02F3.11,"array([17.4249652 , -2.43477404])"
546,Y55F3AM.3,"array([20.28682006,  1.62209625])"
547,C34C12.5,"array([16.05449841, -2.82480573])"
548,C34C6.6,"array([21.53649528, -6.94027977])"
549,D1025.3,"array([20.55671971, -8.34001846])"
550,F26F12.2,"array([21.12057575, -8.54046637])"
551,F27C1.4,"array([23.47883143, -5.97243307])"
552,M02A10.1,"array([20.65038937, -4.79358635])"
553,C34D1.5,"array([  3.44509353, -11.81468226])"
554,T24H10.7,"array([  3.71914212, -12.43085411])"
555,C34D4.12,"array([39.80399052, 22.73494165])"
556,T27F2.1,"array([39.21815134, 22.40171724])"
557,C34E10.8,"array([26.52057915, -6.97986393])"
558,ZK863.6,"array([26.05710117, -5.51125542])"
559,C34F6.9,"array([29.74250959, -0.97130798])"
560,C34G6.3,"array([25.06791096, -1.4013619 ])"
561,D2096.8,"array([26.59599946, -2.14420376])"
562,C35B1.1,"array([19.37306081, 24.54475841])"
563,R05D3.4,"array([18.73487509, 24.74807248])"
564,C35B1.2,"array([-0.89032307, -4.11851799])"
565,F55F8.8,"array([-1.5535663 , -4.30000548])"
566,C35B1.5,"array([12.18907365,  6.04844521])"
567,C35E7.10,"array([-6.28351938, -5.03319673])"
568,K05B2.4,"array([-5.98627781, -5.63544521])"
569,C35E7.2,"array([19.17269711,  6.26455814])"
570,C36A4.10,"array([29.16645337,  8.30555285])"
571,C36B1.1,"array([30.72361583,  4.94518408])"
572,ZK637.5,"array([31.29500064,  4.05302713])"
573,C36B1.4,"array([22.00762566, -6.24384945])"
574,F47D12.3,"array([22.21895596, -7.7698801 ])"
575,F54D10.3,"array([20.27570804, -5.28345946])"
576,Y57A10A.32,"array([21.65821465, -7.84635829])"
577,C36B1.7,"array([16.04212225,  2.75048607])"
578,C36B7.7,"array([18.08990085, -0.37617686])"
579,F28D1.2,"array([21.81494476,  4.50265085])"
580,F49H12.3,"array([23.57610452,  0.79548086])"
581,M7.2,"array([24.3215106 ,  4.13092888])"
582,R05F9.1,"array([22.47072913,  1.30281672])"
583,T04D3.1,"array([22.72435298,  6.33672441])"
584,ZK673.3,"array([23.81792594,  6.08341522])"
585,C36F7.2,"array([24.19251133, -2.09073717])"
586,C36H8.1,"array([23.31846651, -7.27886286])"
587,K02B7.3,"array([23.69451289, -5.55164639])"
588,C37A2.5,"array([24.26014087,  2.40021269])"
589,C38C3.5,"array([23.92854   , -7.99660033])"
590,M03F4.2,"array([24.0726642 , -5.72393857])"
591,T04C12.6,"array([23.76607345, -9.4899349 ])"
592,T05F1.4,"array([24.17829837, -0.61511963])"
593,Y53H1A.1,"array([24.13238985,  1.30787678])"
594,Y55F3C.6,"array([23.93885679,  0.55465058])"
595,C39D10.3,"array([17.03832255,  0.04372174])"
596,C39E9.5,"array([23.81955841,  3.35190121])"
597,C40A11.7,"array([23.92694211,  2.56495266])"
598,D1054.2,"array([24.64667328,  4.51719807])"
599,W04D2.1,"array([23.36158912,  4.49138827])"
600,C40H1.1,"array([ 29.10800112, -14.67513584])"
601,C40H1.3,"array([22.34937383,  6.77586742])"
602,C41A3.2,"array([20.21688526,  8.11106195])"
603,Y94H6A.9,"array([20.33325494, 29.40889214])"
604,C41G7.1,"array([13.05404236, 29.02502784])"
605,Y37D8A.9,"array([12.44770049, 28.68406911])"
606,C43E11.9,"array([16.76941229,  0.34452307])"
607,C43F9.6,"array([35.61892438,  1.47173573])"
608,C43G2.2,"array([-1.62655998, -8.65593647])"
609,K09H11.1,"array([-2.30124808, -8.29311713])"
610,T25B9.8,"array([-1.0078755 , -9.11182794])"
611,F42H10.5,"array([20.22575837,  2.78600749])"
612,F55H12.6,"array([20.67709567,  0.50635092])"
613,K08H2.3,"array([18.9055073 , -0.12434081])"
614,Y17G7B.15,"array([17.78313438,  1.29884711])"
615,C44C1.5,"array([35.24422644, -5.68657423])"
616,C44C11.1,"array([48.9889887 , -2.38694184])"
617,W05B10.4,"array([48.63460242, -2.97547323])"
618,C45B2.1,"array([29.6955876 ,  7.57038099])"
619,C45E5.6,"array([23.31645166, 28.72199829])"
620,Y47D3A.2,"array([22.83438647, 28.24594486])"
621,C45G3.5,"array([26.02895173,  3.73754886])"
622,F29B9.6,"array([24.52793476,  3.77616988])"
623,C45G9.7,"array([43.69130099, 20.65336114])"
624,ZK1128.7,"array([43.64101747, 21.34340864])"
625,C46E10.5,"array([ 24.37937543, -21.50010383])"
626,F15B10.3,"array([ 25.08418834, -21.70118753])"
627,C46H3.1,"array([27.17319862,  2.58706109])"
628,C47B2.2,"array([ 1.4695343 , -7.79209397])"
629,C47C12.3,"array([25.55347382,  5.93664333])"
630,C47D2.1,"array([16.31456574, -0.69769133])"
631,C47D2.2,"array([-0.34939178, 20.71651651])"
632,T23G5.3,"array([-0.96926666, 20.99089618])"
633,C47E12.9,"array([11.88837352,  7.2045471 ])"
634,C47G2.1,"array([31.42451313,  6.09809101])"
635,C47G2.2,"array([28.67136936,  2.56014876])"
636,C48E7.7,"array([30.28961424,  5.92164147])"
637,C53C7.3,"array([22.69391925,  4.41980488])"
638,F46A8.10,"array([21.37696254,  5.60674888])"
639,F56A12.1,"array([18.90222545,  5.91340762])"
640,T13A10.11,"array([ 34.98326899, -19.77659343])"
641,C49G7.11,"array([0.93841905, 0.00557336])"
642,C49H3.5,"array([-2.99418915, 19.50934611])"
643,F56D5.5,"array([-3.37013683, 18.91966659])"
644,C50A2.2,"array([25.51294123,  9.14428745])"
645,R11A5.2,"array([24.99905684,  7.49264283])"
646,C50C3.8,"array([18.35807439,  6.24821234])"
647,W02D9.3,"array([17.35840599,  7.48065347])"
648,C50E10.4,"array([26.44627948, -1.26028634])"
649,C50E3.12,"array([36.19095371,  3.02168083])"
650,C50E3.5,"array([ 27.79261172, -13.55179061])"
651,C50F2.3,"array([ 11.74035319, -22.89937779])"
652,F53B7.3,"array([ 11.02586425, -22.98682223])"
653,Y116A8C.34,"array([ 12.45625747, -22.78247896])"
654,F10C1.7,"array([22.86353368, -1.99452933])"
655,F26F2.3,"array([18.26479721,  1.57710021])"
656,F32D1.1,"array([20.71432998, -1.85207314])"
657,T09A5.12,"array([21.24932707,  0.91039678])"
658,Y55D9A.2,"array([23.65680184, -3.19727028])"
659,ZC455.1,"array([22.19777687, -1.32812779])"
660,C50F7.6,"array([24.5093643 ,  5.65348561])"
661,C50H11.1,"array([10.77272317,  5.72831417])"
662,F14F3.2,"array([22.58912741,  3.57435703])"
663,F35D2.5,"array([22.73612751,  2.16087852])"
664,W10C8.1,"array([20.23358936, -0.04326586])"
665,Y54H5A.3,"array([22.49305698,  1.88553175])"
666,C52E4.3,"array([29.85849692, 22.9729664 ])"
667,ZK652.1,"array([29.92098736, 23.64864994])"
668,C52E4.4,"array([ 3.4616602 , 18.07423616])"
669,F35G12.12,"array([ 3.61685132, 17.41300318])"
670,C53A5.6,"array([21.86951703,  8.94977418])"
671,F53F1.6,"array([21.41719167, 11.40054434])"
672,Y54G2A.31,"array([21.74190792, 10.72135203])"
673,Y69H2.6,"array([20.77714483, 11.73322605])"
674,Y71H2B.3,"array([22.35213041, 10.59467072])"
675,ZK177.8,"array([21.18103375, 10.49286862])"
676,C53B4.7,"array([-5.20298891, -7.9885572 ])"
677,C53C11.2,"array([35.73696793,  0.94508366])"
678,C53D5.3,"array([ 29.51737597, -12.77363826])"
679,C53D5.4,"array([19.17166914,  1.87620364])"
680,C53D5.5,"array([-0.22269474, -6.20289609])"
681,F55D12.1,"array([-0.914631  , -6.26993128])"
682,C53D5.6,"array([17.59331273, 28.75844958])"
683,R13H8.1,"array([16.92744623, 29.02254315])"
684,Y75B8A.35,"array([18.23715685, 28.44538144])"
685,C54F6.14,"array([12.51548381, -1.16754409])"
686,C54G4.3,"array([19.40454862, -4.23603454])"
687,C54H2.4,"array([11.47941066,  4.9937081 ])"
688,C56C10.8,"array([27.84032751, 12.21225728])"
689,F45D3.2,"array([26.94323665,  9.64121895])"
690,Y65B4BR.5,"array([28.62643198, 14.17160508])"
691,C56G2.3,"array([22.90965554,  8.30305447])"
692,C56G7.3,"array([24.9158766 , -1.92515832])"
693,Y49F6B.4,"array([20.63413606,  6.96865626])"
694,D1007.6,"array([20.96664888, -3.32432391])"
695,K08F8.4,"array([21.32804611, -1.84425518])"
696,D1007.8,"array([ 21.79901672, -11.91073648])"
697,T07E3.5,"array([ 21.85567511, -10.68076227])"
698,D1022.4,"array([37.72464989, 26.93859121])"
699,D1053.1,"array([-4.99737641, 15.5801254 ])"
700,ZK829.7,"array([-5.3942059, 14.9707649])"
701,D1054.13,"array([22.86527179, -1.05393276])"
702,F08G12.4,"array([23.0213521 , -3.48194342])"
703,R166.1,"array([26.43703091,  5.94574894])"
704,D1081.9,"array([21.48814415, -3.19471558])"
705,F55A12.10,"array([21.50110002, -4.96315809])"
706,D2096.2,"array([22.724063  , -8.48898892])"
707,W06A7.3,"array([22.71147287, -6.37242158])"
708,D2013.6,"array([23.1864457 ,  5.06815941])"
709,D2013.7,"array([23.49411959,  6.3985353 ])"
710,D2023.2,"array([22.45392211,  7.80346872])"
711,D2023.4,"array([43.91923625, -5.21374689])"
712,D2045.8,"array([ -0.14905073, -11.74302483])"
713,D2063.1,"array([21.31579694, -2.67978181])"
714,T01G9.2,"array([20.3492978 , -2.82624937])"
715,Y77E11A.6,"array([22.76560543, -1.48212166])"
716,D2085.2,"array([-2.4937816 ,  6.42656264])"
717,M7.5,"array([-3.12222247,  6.07372882])"
718,D2085.3,"array([23.72361264,  6.87835055])"
719,D2089.4,"array([22.38145962,  0.43494229])"
720,DH11.2,"array([-0.50945725,  4.93150519])"
721,F13B10.1,"array([16.6204132 ,  2.96486578])"
722,F14F9.4,"array([18.99554629,  2.28804424])"
723,F38E11.5,"array([19.72137273, -0.06389773])"
724,F42A6.9,"array([21.16760762,  4.3672083 ])"
725,F53F10.2,"array([19.72970042,  2.5995036 ])"
726,T10B11.3,"array([19.62809777,  3.04754159])"
727,DY3.2,"array([45.89197135,  8.38640789])"
728,F08G5.3,"array([45.24113444,  8.57398718])"
729,E01A2.8,"array([29.15697539, -1.91901927])"
730,E02H1.7,"array([14.16531958, -4.20436268])"
731,F59E12.9,"array([23.0809163 ,  2.43421188])"
732,T26A8.4,"array([23.00684654,  2.81602404])"
733,ZK973.9,"array([26.41033557,  4.0386825 ])"
734,Y23H5A.3,"array([ 28.13490556, -16.36070296])"
735,EEED8.12,"array([25.45745654, -4.66208902])"
736,F01D5.5,"array([29.55397657,  7.15631681])"
737,F01F1.1,"array([21.99097455, -0.54762997])"
738,F01F1.4,"array([6.610551  , 8.96766666])"
739,Y55F3AM.15,"array([7.62800721, 8.44596576])"
740,F01F1.6,"array([20.09507409, -3.7572355 ])"
741,F01F1.9,"array([24.26501323, -1.2111329 ])"
742,F55G1.9,"array([25.8740084 , -0.34809713])"
743,T12E12.4,"array([24.6677937 , -0.20581511])"
744,Y62E10A.16,"array([25.27302976, -1.06321846])"
745,F01G12.6,"array([21.79325222,  5.51109031])"
746,F02C9.4,"array([16.41737997,  0.56180316])"
747,F02E8.4,"array([27.04568833,  4.61867302])"
748,W10D5.3,"array([25.59233562,  4.42032596])"
749,F02E9.1,"array([26.22447838, -2.59082998])"
750,F02E9.4,"array([19.29122435,  2.74936043])"
751,F07A11.1,"array([20.33262025,  0.75166855])"
752,T23F2.5,"array([19.43727238,  0.35260457])"
753,F07B7.2,"array([27.84799257,  2.4883361 ])"
754,F54B11.6,"array([29.55873713,  2.41516129])"
755,F07C6.4,"array([24.08609948,  3.71547477])"
756,F07F6.8,"array([ 8.40353497, 26.64942334])"
757,Y37H9A.3,"array([ 7.67638544, 26.32659158])"
758,F08A8.7,"array([28.39632376, -6.76180808])"
759,F08B4.7,"array([24.32734144,  3.30142381])"
760,F08B6.4,"array([22.02944232,  5.1816543 ])"
761,F08C6.6,"array([29.17946336,  8.8067809 ])"
762,F08C6.7,"array([18.54467896,  2.2023338 ])"
763,R11E3.6,"array([20.03503067,  2.36143142])"
764,F08G2.5,"array([20.09811444, -0.53722233])"
765,Y77E11A.7,"array([22.92442178, -5.07773975])"
766,F08G2.4,"array([25.18459994,  3.08193534])"
767,F08G2.7,"array([22.44686099, -5.79437979])"
768,F08H9.4,"array([43.43436385, 15.20047369])"
769,K02E2.7,"array([42.78625447, 14.73177107])"
770,F09A5.4,"array([36.25189148,  2.49615783])"
771,F09C8.2,"array([ 18.14862376, -23.64089728])"
772,R11F4.2,"array([ 18.12851784, -24.39776431])"
773,F09F3.11,"array([ 3.79441795, 21.64498028])"
774,F09F7.2,"array([19.27655392, 15.97116142])"
775,Y57G11C.22,"array([20.12600578, 15.26759076])"
776,F09F7.5,"array([13.27990723,  3.64612219])"
777,F45E1.7,"array([12.1229706 ,  3.94730616])"
778,R07G3.1,"array([11.80506691,  3.41767606])"
779,F09F7.8,"array([19.96289067,  5.62559454])"
780,F09G2.5,"array([9.96389786, 6.2614817 ])"
781,F09G8.7,"array([20.96472566, -3.88986839])"
782,F10A3.2,"array([29.66196214, -5.72847507])"
783,F10B5.3,"array([19.65109619,  7.92628905])"
784,F10C1.2,"array([24.3667614, -7.328817 ])"
785,F59G1.7,"array([24.42327918, -8.8199535 ])"
786,Y39B6A.11,"array([23.05254723,  0.84572693])"
787,F10E7.2,"array([27.74515893,  3.91732849])"
788,ZK1127.9,"array([26.06530443,  4.28196552])"
789,F10F2.4,"array([22.80757496, 25.46747151])"
790,F10G7.11,"array([ 29.25885562, -13.51028888])"
791,F10G8.6,"array([-7.40511087,  6.12386444])"
792,Y54H5A.4,"array([-7.60083997,  6.77805289])"
793,F11A1.3,"array([28.2277608 , 11.57886583])"
794,W08E12.8,"array([28.958443  , 12.82559156])"
795,F11C1.1,"array([27.30824549, 11.52604482])"
796,F21G4.4,"array([32.93861108, 11.49312242])"
797,F47B10.8,"array([30.73451199,  9.08943377])"
798,F57B9.6,"array([32.71126609, 12.11923726])"
799,F11D5.6,"array([12.50200235,  6.96648978])"
800,F11E6.3,"array([31.61532777,  5.68764982])"
801,F11G11.5,"array([21.75846061,  2.65669614])"
802,F11H8.4,"array([27.61780379,  4.39935779])"
803,F13A2.4,"array([7.49048193, 6.4092337 ])"
804,F44E2.7,"array([8.89821878, 6.33585359])"
805,R11E3.7,"array([17.95800191,  4.09201476])"
806,F13B9.1,"array([48.39845108,  6.88046517])"
807,Y77E11A.13,"array([48.86639083,  6.31867815])"
808,F13D12.3,"array([28.95380056,  5.82356132])"
809,F13G3.9,"array([16.89038125, -4.19068757])"
810,F58E10.5,"array([18.14412389, -3.04788378])"
811,F13H10.1,"array([46.60559108, 10.6677049 ])"
812,K07C5.8,"array([46.92840252, 11.25716433])"
813,F14B4.2,"array([-5.75926   , 14.33726721])"
814,F14F3.1,"array([22.22651895,  2.37993117])"
815,F49B2.5,"array([23.59483934,  0.31793589])"
816,F14H3.12,"array([22.16915943, -3.02733703])"
817,F27B3.6,"array([20.51692631,  2.24081502])"
818,F52D10.3,"array([22.96369104,  1.91490233])"
819,F15C11.2,"array([32.51197686, -5.82832162])"
820,F56G4.5,"array([31.427167  , -4.23266056])"
821,ZK353.8,"array([33.39844988, -6.78500613])"
822,F15D3.1,"array([ 27.36206563, -11.34715224])"
823,Y23H5A.5,"array([ 27.14934383, -10.3712201 ])"
824,F15D3.4,"array([22.68867541, -3.04499458])"
825,F15D4.2,"array([27.01890948,  5.77785289])"
826,F15E6.5,"array([28.90606387,  0.56532707])"
827,F15E6.7,"array([ 5.5210987 , 18.68418632])"
828,Y106G6H.6,"array([ 5.35651873, 18.02985226])"
829,F16B4.5,"array([29.07526749,  7.04618264])"
830,F16F9.1,"array([20.4651825 ,  1.84582137])"
831,F17A2.13,"array([30.22706626, 27.05813709])"
832,F40F12.5,"array([30.72961951, 26.53362004])"
833,F17A2.5,"array([25.05922407,  8.35807777])"
834,T28F12.2,"array([25.59421459, 11.33893144])"
835,F45E12.3,"array([26.34604813, -4.1286242 ])"
836,K07C11.8,"array([25.94034902, -4.44059294])"
837,W08F4.12,"array([25.65948653, -5.14914111])"
838,Y32F6B.3,"array([27.73001722,  1.43487478])"
839,F18A1.5,"array([16.466994  ,  7.29922691])"
840,M04F3.1,"array([17.70335292,  6.37002011])"
841,F19B6.2,"array([39.29589006, 19.56520634])"
842,M05D6.2,"array([38.62840128, 19.81709442])"
843,F19F10.11,"array([27.15769862,  5.34143812])"
844,M142.1,"array([19.02321019, 13.35033942])"
845,F20A1.1,"array([29.52062678,  4.74153504])"
846,F20B10.3,"array([26.49599682,  2.93832117])"
847,F20D1.3,"array([26.13968995, -1.8441308 ])"
848,F20H11.1,"array([25.04618831,  9.39598497])"
849,F21A3.6,"array([20.55066945,  7.86555309])"
850,F21C10.8,"array([31.05679974,  5.2251415 ])"
851,F21C3.4,"array([22.30628973,  4.90909658])"
852,ZK1098.8,"array([21.82516713,  6.81392146])"
853,R05G9R.1,"array([ 3.47773798, 20.53244452])"
854,Y71H2B.4,"array([ 2.41373151, 20.85989345])"
855,F22B5.3,"array([ 29.77553848, -12.16339316])"
856,F22D6.1,"array([ 28.45893366, -12.36969337])"
857,F22H10.3,"array([26.27563829,  2.47691676])"
858,F23A7.3,"array([6.82449265, 1.08009426])"
859,R09G11.2,"array([5.76489118, 0.89602918])"
860,F23B12.4,"array([16.67972404, -0.42575863])"
861,F23B12.6,"array([-4.77647177,  0.03814327])"
862,R02D3.5,"array([-5.18669034,  0.63676425])"
863,F23C8.3,"array([9.97399554, 7.33274755])"
864,F23F1.8,"array([-6.47647611, 10.19325286])"
865,F56H1.4,"array([-6.59044524, 10.89637486])"
866,ZK632.2,"array([-6.37623998,  9.47298144])"
867,F23F12.9,"array([17.10017167, -1.59871417])"
868,F23H11.2,"array([ 27.91202862, -12.72956126])"
869,F23H12.2,"array([10.17453063, 24.85764947])"
870,F54F2.8,"array([ 9.72161458, 24.33927116])"
871,F25B3.6,"array([26.7340006 , 11.35942167])"
872,F25B5.2,"array([ 8.58835267, 29.34391708])"
873,Y39A1A.7,"array([ 9.22021851, 29.07234176])"
874,F25B5.6,"array([18.17334871,  2.77200604])"
875,F25B5.7,"array([25.15943858,  7.05184815])"
876,R08H2.1,"array([35.6040018 , -5.02007327])"
877,F25E2.3,"array([20.89835603,  5.63973076])"
878,F25E5.4,"array([9.35945555, 5.62299446])"
879,F25H2.4,"array([30.06480246, 30.35694915])"
880,Y57G7A.10,"array([30.2828663 , 29.70805189])"
881,F25H2.5,"array([10.83758723, 30.58788242])"
882,F25H9.6,"array([ 20.55285535, -19.99959358])"
883,F26A1.14,"array([-0.48421465, -9.60947875])"
884,F26A1.6,"array([42.32574268, 15.38619738])"
885,F26A3.5,"array([19.46120072, -2.16017204])"
886,R07B7.3,"array([22.19559503, -0.87334658])"
887,F26D10.10,"array([22.74223275,  9.33920892])"
888,F26F12.3,"array([23.08176253, 11.52027741])"
889,F40A3.6,"array([22.76199492,  5.55909212])"
890,K03H1.1,"array([22.51473807, 11.58023109])"
891,F26D10.3,"array([28.88186719,  1.23664208])"
892,F26E4.2,"array([ 7.28280403, 23.36373881])"
893,F33D11.11,"array([ 6.63454443, 23.19224183])"
894,F26E4.6,"array([16.46102668, -1.11062613])"
895,Y62E10A.1,"array([23.12293071, 13.04143755])"
896,F26F4.1,"array([32.77985767,  3.55219188])"
897,F26F4.11,"array([15.49043685,  3.77768212])"
898,F26G1.4,"array([26.54537391, 10.54597634])"
899,F26H11.4,"array([21.60466275,  7.42394368])"
900,F26H11.5,"array([18.11752102,  0.79108842])"
901,F27C1.7,"array([17.20339893, -3.04441838])"
902,F56D2.2,"array([18.67100979, -1.70777627])"
903,F27D4.2,"array([29.5363484 , -1.50692699])"
904,F27D4.5,"array([41.47335746, 21.44419654])"
905,Y39E4A.3,"array([41.31573106, 20.77092369])"
906,F27D4.6,"array([11.3017708 ,  7.44158701])"
907,F27E5.2,"array([26.89900217,  0.98207376])"
908,F28C6.1,"array([33.52988802, 28.54166766])"
909,T21B10.1,"array([33.71131676, 29.2944368 ])"
910,Y62E10A.17,"array([34.08651568, 27.87167832])"
911,ZK563.6,"array([32.74414109, 28.56520557])"
912,F28C6.2,"array([34.87209628, 27.82563079])"
913,Y87G2A.7,"array([21.99921683,  6.37319303])"
914,F28F8.3,"array([18.40788599, 18.67449532])"
915,F35G2.2,"array([17.77566049, 20.06490254])"
916,ZK593.7,"array([19.18539362, 17.11440058])"
917,K06A4.5,"array([19.19807282, 30.89526627])"
918,F29F11.1,"array([24.52599637, -4.09124399])"
919,F29F11.6,"array([18.40311253,  4.81320838])"
920,K02A11.1,"array([16.85095556,  5.77468671])"
921,Y32H12A.4,"array([17.04235812,  6.29284107])"
922,ZK1067.7,"array([17.32978424,  4.06334298])"
923,ZK892.1,"array([16.36566923,  3.7165602 ])"
924,F29G9.5,"array([17.95280632, 20.94318379])"
925,F31B9.1,"array([35.48311707,  1.98249963])"
926,F31C3.2,"array([23.51916199,  4.94331454])"
927,F31E3.1,"array([25.99664634, 12.71442322])"
928,F31E3.5,"array([46.21143437, -8.50046031])"
929,W03F9.1,"array([45.8813753 , -7.90029598])"
930,F32B6.4,"array([20.9871969 ,  8.10616892])"
931,F32D1.6,"array([27.24974821,  7.89677118])"
932,F32D1.7,"array([ 28.31996159, -13.31196132])"
933,F32G8.6,"array([18.77693319,  8.49174713])"
934,F48E3.4,"array([18.39747855, 10.03734592])"
935,F32H2.6,"array([35.0989882 ,  2.54181893])"
936,F33A8.3,"array([ 7.52490304, 19.12683504])"
937,Y113G7B.17,"array([ 7.82196138, 19.75011529])"
938,F33A8.5,"array([16.09697273,  1.04518532])"
939,F33G12.2,"array([25.47908928, 10.49514213])"
940,F33H1.3,"array([ 30.22458191, -12.57374724])"
941,F34H10.3,"array([-1.32678523, 18.07695504])"
942,T06D4.1,"array([-0.67322613, 18.29038666])"
943,F35A5.3,"array([17.11425861, -0.33676118])"
944,F35B12.3,"array([26.91632384,  3.8700922 ])"
945,F35B12.6,"array([10.4215379 ,  6.49107998])"
946,F35C8.2,"array([20.63774385, 16.26025833])"
947,F35D2.4,"array([18.73784377, -3.14918564])"
948,F35E2.2,"array([21.43461946,  8.20795138])"
949,F35G12.1,"array([10.58781948,  8.38797716])"
950,F35G12.5,"array([1.30671221e+01, 1.11368626e-02])"
951,Y15E3A.1,"array([14.77579842,  0.60724101])"
952,F35G12.9,"array([17.0537924 , 21.00651256])"
953,K06H7.6,"array([16.63975089, 21.80277383])"
954,F35H10.5,"array([10.1162502 , 19.82291101])"
955,Y48E1C.1,"array([ 9.84953218, 19.19749368])"
956,F36D1.1,"array([25.35874101, -3.77279409])"
957,T05H4.2,"array([27.28744621, -7.17854288])"
958,F36D1.4,"array([24.19091774,  2.9223041 ])"
959,F36D4.2,"array([47.91385518,  3.86469815])"
960,ZK1098.5,"array([47.68377067,  3.18162473])"
961,F36F12.6,"array([28.15349717, 10.65467166])"
962,F36F12.8,"array([27.93626109,  4.91579092])"
963,F37A4.5,"array([20.83311298, -2.60895337])"
964,K11E8.1,"array([25.76605819, -7.09798231])"
965,Y105E8B.5,"array([23.99357413, -4.38016352])"
966,F37B1.8,"array([18.53585545,  5.48692902])"
967,F37D6.2,"array([24.17570278,  6.6548312 ])"
968,F38B7.3,"array([25.60402653,  0.08910024])"
969,F55C5.7,"array([19.1371533 , -1.65659203])"
970,F38H12.3,"array([16.06487092, -1.73651604])"
971,F38H4.2,"array([10.33420623,  5.93491229])"
972,F39B1.1,"array([26.46557896,  2.07389761])"
973,F39B2.11,"array([30.40441535,  4.63699443])"
974,F39B2.7,"array([-7.48945529, -0.78044678])"
975,F39H2.4,"array([-7.62165664, -0.11519119])"
976,K08E7.2,"array([30.64401306,  0.89255564])"
977,F40C5.3,"array([19.66600328, -3.51903107])"
978,F40D4.12,"array([9.6972738 , 5.16761618])"
979,Y111B2A.24,"array([31.21388878, 26.02524903])"
980,F40F4.2,"array([29.28990839,  7.86813774])"
981,F40F4.3,"array([30.68948057,  6.06238566])"
982,F40F9.1,"array([ 9.0016288 , 22.14329763])"
983,Y47D3B.7,"array([ 8.54755337, 21.62817883])"
984,F40F9.2,"array([ 1.79412507, 17.00086439])"
985,F45E6.2,"array([ 1.5327588 , 17.62467544])"
986,F40H6.4,"array([26.0077189 ,  5.71621402])"
987,F41B4.3,"array([23.34459882, -0.78383687])"
988,F41F3.3,"array([30.17118425,  8.71382995])"
989,F42A10.4,"array([ 41.11319964, -11.7010849 ])"
990,F49H12.6,"array([ 40.84668198, -12.38399569])"
991,ZK813.2,"array([ 41.33282624, -11.03053419])"
992,F46G10.1,"array([23.19382902,  4.2067561 ])"
993,F42A9.8,"array([ 11.06345362, -17.0797942 ])"
994,T26A5.8,"array([ 10.84641641, -16.38570565])"
995,F42C5.7,"array([19.12984685, -0.68296486])"
996,F42C5.9,"array([19.82121631,  5.23498846])"
997,F42D1.2,"array([  3.46334889, -15.09180073])"
998,F42F12.4,"array([ 25.28989996, -24.46146658])"
999,F53E4.1,"array([ 24.60719017, -24.43881362])"
1000,F42G8.10,"array([19.22879471, -3.26414489])"
1001,F42G9.7,"array([21.44881743,  8.61284106])"
1002,F42H10.6,"array([  1.76838738, -11.00774628])"
1003,F43C1.2,"array([30.86229707,  1.87112113])"
1004,F43C1.4,"array([13.98630932, -3.57305116])"
1005,F43D9.2,"array([27.47311817,  4.97052694])"
1006,F43G9.11,"array([23.12758219,  0.22822741])"
1007,F43G9.2,"array([18.49014877, -2.73407078])"
1008,F44A2.2,"array([ 1.81689386, 14.37731827])"
1009,T01H8.2,"array([ 1.16291917, 14.16130352])"
1010,F44A2.5,"array([19.39255231, -5.1163302 ])"
1011,F44A6.2,"array([21.22080214, 25.72772429])"
1012,F44B9.3,"array([23.76719  ,  3.9359499])"
1013,F44B9.6,"array([19.5889482 ,  1.66414492])"
1014,F44C8.9,"array([17.32660535, -1.23309272])"
1015,Y44F5A.1,"array([22.99857521,  8.79058899])"
1016,T22B7.1,"array([18.12128114,  3.44018947])"
1017,T05H4.14,"array([21.39293287,  3.71795509])"
1018,Y37H9A.1,"array([18.09064651,  5.46763766])"
1019,Y47D3A.15,"array([15.41113334,  5.48626683])"
1020,F45C12.11,"array([  1.40452433, -13.65434095])"
1021,K05G3.3,"array([  1.87861889, -14.19452565])"
1022,Y54E10A.2,"array([  0.94839407, -13.12532299])"
1023,F45D11.16,"array([ 18.36816794, -19.32397984])"
1024,ZK1098.4,"array([ 17.70363341, -19.12083647])"
1025,F46G11.3,"array([27.83469818, 11.08355971])"
1026,M03F4.7,"array([28.20584743,  8.58756556])"
1027,R07B7.8,"array([27.29434211, 10.99990714])"
1028,F45E6.4,"array([ 18.79220747, -24.7673978 ])"
1029,F45F2.9,"array([38.63001706, 17.40666772])"
1030,F45G2.10,"array([0.47598841, 6.96026671])"
1031,Y18D10A.9,"array([0.19731835, 7.59299905])"
1032,F54D5.9,"array([28.83203531, -9.95347701])"
1033,T10E9.1,"array([28.9074999 , -6.74815142])"
1034,Y113G7B.5,"array([28.88045925, -8.64746979])"
1035,F46F11.6,"array([28.31614959, -8.70972   ])"
1036,F55B12.3,"array([30.0426526 , -8.56436092])"
1037,K04A8.6,"array([29.65753332, -8.18943266])"
1038,Y37H2C.3,"array([29.72119396, -7.57683053])"
1039,F46A9.6,"array([23.50168812, -1.23889497])"
1040,F46F11.4,"array([ 29.92364344, -15.04996728])"
1041,F59A2.1,"array([ 30.66747585, -16.50203973])"
1042,F46F3.1,"array([21.76130729,  4.16548169])"
1043,F46F5.6,"array([28.09766471,  7.1489914 ])"
1044,F46H5.5,"array([15.5320496 ,  2.09038806])"
1045,F46H5.6,"array([21.34649898,  2.20379105])"
1046,F47B8.11,"array([22.0866103 ,  7.51480208])"
1047,F47B8.6,"array([ 21.36439923, -10.02845785])"
1048,F47F6.4,"array([25.08914144,  4.5502622 ])"
1049,F47G4.4,"array([27.6177454 ,  9.11213768])"
1050,T01G9.5,"array([26.9830914 ,  7.31007794])"
1051,F47G4.5,"array([27.15466319,  8.93437364])"
1052,F47G4.7,"array([44.61220984, -1.46824009])"
1053,Y56A3A.13,"array([44.71141415, -0.77542917])"
1054,F48A11.5,"array([27.33080312,  2.96851927])"
1055,F48D6.2,"array([17.23401142, -4.65536156])"
1056,F48F7.7,"array([26.27969945, -0.74766279])"
1057,Y53F4B.11,"array([27.67043467, -1.78926641])"
1058,F49C12.9,"array([-7.56403972,  2.79463641])"
1059,T05H10.5,"array([-7.62818135,  3.48889461])"
1060,F49E10.3,"array([31.41029803,  5.10529065])"
1061,ZK1307.9,"array([18.629089  ,  3.77194115])"
1062,F49E8.5,"array([34.59219767,  0.9745434 ])"
1063,F49E8.6,"array([23.66155359,  1.54194849])"
1064,F49E8.7,"array([28.72136851, 15.39968296])"
1065,R01H10.6,"array([22.22824898, -0.19824138])"
1066,F52B11.2,"array([11.06922854,  5.29385911])"
1067,F52C6.3,"array([10.60416705, 26.9645202 ])"
1068,F52C9.7,"array([19.71080444,  7.45276122])"
1069,F53C11.5,"array([23.17867834,  3.78044689])"
1070,W03G9.2,"array([21.99477543,  1.11191254])"
1071,ZK1248.11,"array([23.12122731,  6.18408565])"
1072,H36L18.2,"array([ 29.92006982, -13.21633718])"
1073,K02B2.5,"array([ 29.18185261, -14.10951869])"
1074,R05D3.6,"array([ 30.20194443, -14.17695031])"
1075,T02H6.11,"array([ 27.41396467, -13.1612684 ])"
1076,T05H4.12,"array([ 27.4918105, -14.0280731])"
1077,W07B3.2,"array([ 28.08659062, -10.20671016])"
1078,Y37D8A.11,"array([ 28.13658633, -14.03058287])"
1079,Y47G6A.25,"array([ 27.94842719, -14.54715489])"
1080,Y51A2D.9,"array([ 29.78142078, -13.78442796])"
1081,Y53G8AR.9,"array([ 30.51084957, -13.08198873])"
1082,Y71H2B.6,"array([ 29.10179796, -12.17896115])"
1083,ZC395.7,"array([ 28.55170646, -14.51945459])"
1084,F58E6.3,"array([16.23006341,  6.4981125 ])"
1085,K01D12.13,"array([15.91058306,  5.9915177 ])"
1086,F53A2.3,"array([24.80513286,  6.26860231])"
1087,F53A9.6,"array([15.70769236,  0.94333797])"
1088,W03G1.6,"array([14.11106995,  0.08961856])"
1089,Y47D3B.9,"array([14.00505559,  0.79456283])"
1090,F53B3.1,"array([26.30353502,  8.16512281])"
1091,F53B3.3,"array([20.44051003,  5.27141989])"
1092,T12F5.5,"array([21.45735264,  4.58480225])"
1093,F53E10.6,"array([ 0.96813924, -2.02454837])"
1094,K09H9.6,"array([ 0.96646797, -2.71423718])"
1095,K07C11.1,"array([20.69232683,  3.14977269])"
1096,F53F4.13,"array([32.57273603,  4.17494351])"
1097,F54A3.5,"array([10.82132596,  4.74514952])"
1098,F54B11.7,"array([1.65310264e+01, 9.04968372e-03])"
1099,F54C1.7,"array([29.67633166,  3.03686152])"
1100,M01F1.8,"array([18.72544383,  1.13720056])"
1101,F54C9.3,"array([20.03626865, -3.25047616])"
1102,M04B2.1,"array([19.61557639, -6.93998196])"
1103,T26E3.2,"array([19.16168962, -6.61601679])"
1104,R09B3.3,"array([15.45820952,  6.52156394])"
1105,F54D11.2,"array([27.02706218, -6.62508419])"
1106,F54D11.3,"array([9.77812893, 7.7844681 ])"
1107,F54D5.15,"array([20.08494588,  7.69620043])"
1108,F54E12.3,"array([11.62239117,  8.3385559 ])"
1109,Y105E8B.1,"array([19.48988595,  4.94866178])"
1110,F55A11.3,"array([16.43279814, 10.1234586 ])"
1111,F55A12.5,"array([-2.97319501, -8.01638115])"
1112,F55C10.4,"array([34.28326883,  1.53086571])"
1113,ZK945.6,"array([11.92050648,  1.59197859])"
1114,F55C9.10,"array([27.36367605,  6.94221394])"
1115,F55F8.4,"array([33.39467369,  8.1866575 ])"
1116,W08E12.3,"array([31.89653984,  7.51977824])"
1117,K08F4.9,"array([27.21519122, -1.28950246])"
1118,F55G11.2,"array([28.7795223 ,  8.50981447])"
1119,F56A6.4,"array([24.6509763 ,  6.65270311])"
1120,F56A8.6,"array([19.44632452,  3.66033328])"
1121,F56B6.4,"array([18.38344278, -1.17752946])"
1122,Y46G5A.31,"array([19.05593341,  0.29931571])"
1123,F56C9.1,"array([25.18151009, -0.72390499])"
1124,F56D12.6,"array([28.84782872, 25.52479424])"
1125,F56E3.3,"array([20.66647306,  8.33997344])"
1126,F56F11.2,"array([10.73695569,  7.92697571])"
1127,ZK1053.3,"array([29.87245689, -2.47659551])"
1128,F56H6.5,"array([36.46269848, 18.62208999])"
1129,T23F11.4,"array([19.87142144, -2.45157342])"
1130,F57B10.11,"array([  6.60905738, -16.65882336])"
1131,Y43F8B.2,"array([  5.94124793, -16.89019298])"
1132,F57C2.6,"array([  6.86537632, -20.37949345])"
1133,F57F5.4,"array([24.65975494,  7.05227682])"
1134,F58B4.5,"array([  6.70101705, -12.37738076])"
1135,T05D4.1,"array([  7.33781679, -12.60486548])"
1136,K08B5.2,"array([16.35996935, -4.11911674])"
1137,T21H8.5,"array([16.7148303 , -4.73061483])"
1138,T27A8.2,"array([17.61707705, -4.97363794])"
1139,F58G1.1,"array([-3.79608678, 10.83414315])"
1140,T03F6.1,"array([-4.44118675, 11.07019425])"
1141,F58G11.3,"array([35.62283412,  2.95654437])"
1142,F58H1.7,"array([31.74640403,  6.74102709])"
1143,K01G5.4,"array([ 31.46498992, -17.14145318])"
1144,Y53C10A.2,"array([ 30.70644504, -17.5411454 ])"
1145,F59A2.4,"array([25.85372497, 10.16971496])"
1146,F59A6.2,"array([33.96400464, -0.74648166])"
1147,W01G7.3,"array([35.27479876, -1.10776379])"
1148,F59B2.9,"array([19.90614093, 16.35434932])"
1149,F59C12.2,"array([27.87303892, -0.09542848])"
1150,Y54E10BR.2,"array([20.41304032,  6.53111039])"
1151,ZK669.5,"array([20.10961886,  6.12498761])"
1152,F59D12.2,"array([ 8.00034837, 25.5994112 ])"
1153,Y48E1B.1,"array([29.95691474,  1.74585627])"
1154,H02I12.5,"array([14.53652061,  1.54304097])"
1155,K11D2.3,"array([20.48726749,  1.12078657])"
1156,Y45F10D.9,"array([21.55427503,  0.34970764])"
1157,H08M01.1,"array([26.88338601,  2.16153577])"
1158,H10D18.4,"array([31.02268441,  7.29954338])"
1159,H12D21.3,"array([28.19099985,  7.63979567])"
1160,H26D21.1,"array([25.92767472, 29.19032373])"
1161,Y41C4A.14,"array([25.5308275 , 29.79055703])"
1162,H34I24.2,"array([30.54197592,  7.87320075])"
1163,K01A2.10,"array([28.20118548, -4.26988034])"
1164,Y62F5A.1,"array([27.19859084, -3.4136542 ])"
1165,R144.9,"array([29.18778447,  3.21096582])"
1166,K01C8.1,"array([12.91830505, 31.40910469])"
1167,K01C8.10,"array([ 8.86799828, -2.29815967])"
1168,K01G5.5,"array([17.73718839,  2.4267952 ])"
1169,K02B12.4,"array([19.0399985 , -2.76208659])"
1170,K12B6.4,"array([43.24942116, 14.07416503])"
1171,R01H2.1,"array([42.16650515, 14.22252967])"
1172,K03A11.2,"array([19.99165689,  7.0924868 ])"
1173,K03B4.7,"array([30.75039623,  6.54531718])"
1174,K03D10.3,"array([15.26459978, 14.35179877])"
1175,ZK899.6,"array([15.87855813, 13.34287145])"
1176,K03E6.4,"array([12.82177336, 21.45340292])"
1177,Y38F2AL.2,"array([12.2736705, 21.0382769])"
1178,K04H4.5,"array([22.3199602 , 13.09315825])"
1179,K04D7.5,"array([28.17191055,  4.25323248])"
1180,Y51H4A.3,"array([ 20.38699045, -22.33859309])"
1181,K04G7.1,"array([ 0.10737443, 23.25524532])"
1182,T24C4.7,"array([ 0.70893615, 22.91839347])"
1183,K04H4.2,"array([29.65634617,  3.9158128 ])"
1184,K06A5.2,"array([-3.9985522 , 13.03115223])"
1185,T09B4.2,"array([-3.48607043, 13.49248745])"
1186,K07A3.1,"array([ 22.26392919, -25.25002468])"
1187,K07C11.9,"array([33.72207852, -1.29257022])"
1188,R02D3.2,"array([34.92662513, -1.90895223])"
1189,K07D4.7,"array([19.0028381 ,  4.15826974])"
1190,K07E3.3,"array([25.12893637, 30.39682755])"
1191,K08B4.6,"array([29.65764938,  8.04521096])"
1192,K08D10.7,"array([27.18946961,  1.81362485])"
1193,K08D10.8,"array([26.90441138,  3.04429756])"
1194,K08E3.8,"array([42.88285915, -7.77411122])"
1195,T18H9.6,"array([43.49364482, -7.44772111])"
1196,K08F11.3,"array([9.11946825, 7.64607971])"
1197,K08F8.2,"array([19.0743485 ,  4.57122119])"
1198,T11B7.2,"array([19.65541954, -0.73357451])"
1199,T26C11.5,"array([21.36758147, -3.77875063])"
1200,ZC196.6,"array([21.77013398, -3.5697588 ])"
1201,K08H10.9,"array([47.39089486,  2.52692693])"
1202,Y41C4A.12,"array([12.45960529,  2.89630348])"
1203,K08H2.8,"array([12.11561447,  8.08386983])"
1204,Y38H6C.14,"array([24.58736315,  2.55103441])"
1205,Y39A1A.15,"array([21.0884407 ,  3.29611007])"
1206,Y56A3A.4,"array([24.92629424,  4.10023209])"
1207,K09E4.1,"array([12.64500566, 25.30390873])"
1208,Y75B12B.5,"array([12.64472006, 24.59603381])"
1209,ZK520.5,"array([12.6338493 , 26.00623648])"
1210,K10B3.8,"array([15.11161051,  9.56711491])"
1211,K10C3.5,"array([20.33650946,  8.58194953])"
1212,Y38E10A.18,"array([13.48561361, -3.88711174])"
1213,Y5H2B.2,"array([13.41727509, -3.16504319])"
1214,K10D3.2,"array([16.69612488,  4.73074145])"
1215,Y60A3A.1,"array([15.01097806,  5.62507766])"
1216,K11D9.2,"array([46.80552086, -1.45441641])"
1217,R03A10.1,"array([46.89220053, -0.76844017])"
1218,T01B11.3,"array([25.98303078, -8.56405632])"
1219,T15B12.1,"array([26.54299406, -8.28633299])"
1220,Y105C5A.1,"array([25.6353218 ,  5.41434992])"
1221,K12G11.3,"array([ 13.90269806, -18.89933868])"
1222,K12H4.4,"array([10.4418272 ,  7.13967524])"
1223,M01B2.2,"array([20.99796987,  8.58560438])"
1224,M01E5.4,"array([ -3.51935442, -12.04564676])"
1225,R07H5.1,"array([ -2.98295591, -11.51786933])"
1226,M01H9.2,"array([31.20826587,  6.89704598])"
1227,M02A10.3,"array([25.28904657,  3.44241218])"
1228,M02F4.3,"array([23.94945371, 13.04303286])"
1229,W08G11.3,"array([24.08821032, 11.5163744 ])"
1230,M03E7.1,"array([10.71168798,  1.2569658 ])"
1231,M04B2.3,"array([24.73315973,  1.13908372])"
1232,Y105E8A.17,"array([26.37896373, -0.06973648])"
1233,M04D8.7,"array([11.22735228,  7.96126217])"
1234,Y62E10A.8,"array([16.74013547,  7.80216612])"
1235,T01G6.10,"array([15.61824946,  2.53530153])"
1236,T23H4.2,"array([16.03381813,  2.16819986])"
1237,W08E3.2,"array([15.26532732,  1.63402321])"
1238,Y13C8A.1,"array([37.97096128, 20.07389138])"
1239,M110.5,"array([14.80790971,  2.99316481])"
1240,M142.6,"array([22.40948937, -1.72553746])"
1241,ZK678.5,"array([21.94830888, 24.78665586])"
1242,M176.2,"array([28.26655683, -0.47775968])"
1243,Y55F3AM.4,"array([-3.68668239,  5.63243074])"
1244,Y61A9LA.3,"array([18.47465508,  4.28935504])"
1245,Y39B6A.40,"array([ 20.04582339, -13.26909544])"
1246,R01H2.4,"array([9.43721988, 6.15446435])"
1247,Y73F8A.34,"array([19.3547002 , -1.14563452])"
1248,Y48E1B.3,"array([-5.60774304,  1.20368461])"
1249,R02D5.1,"array([22.67167784,  1.03584701])"
1250,R10E12.1,"array([27.13505589,  3.4192999 ])"
1251,R74.5,"array([24.33996589,  0.93320711])"
1252,T05G5.2,"array([26.01150579,  2.91251601])"
1253,T11A5.6,"array([27.37292345,  2.20429388])"
1254,T23G4.1,"array([26.21205826,  3.30721338])"
1255,Y24D9B.1,"array([26.63892328,  3.46889218])"
1256,ZC317.7,"array([26.81282981,  1.62295398])"
1257,ZK666.2,"array([24.26518234,  1.60150281])"
1258,ZK863.7,"array([24.00306607,  4.35170726])"
1259,R02F2.6,"array([20.85287953,  7.60719001])"
1260,R03C1.3,"array([10.13041858,  5.43086551])"
1261,R04A9.2,"array([21.54559778, -0.0731614 ])"
1262,R04A9.4,"array([19.79360159, -5.44691398])"
1263,R04B3.2,"array([22.29881701,  8.57334302])"
1264,R04B5.5,"array([48.98238929,  9.96913868])"
1265,R04B5.6,"array([48.75572291,  9.32337236])"
1266,R05A10.2,"array([31.37285546,  7.52448659])"
1267,R05D3.8,"array([12.36158769,  7.56487608])"
1268,R05D8.7,"array([33.37954159, 20.96438546])"
1269,R06C7.4,"array([28.7432966,  6.6761526])"
1270,R06F6.11,"array([30.94951715,  7.74564791])"
1271,R09B5.5,"array([28.85977924,  7.99743447])"
1272,R11G11.6,"array([28.42055804,  8.04884855])"
1273,R11G11.7,"array([28.76820064,  5.36456823])"
1274,R13A1.5,"array([28.71763255,  7.58491998])"
1275,T01D1.6,"array([25.59726531,  4.86776804])"
1276,T03D8.3,"array([30.81897917,  6.93484262])"
1277,T03F7.5,"array([31.18025741,  5.74336066])"
1278,T05E11.8,"array([31.32219661,  7.98348742])"
1279,T20D4.5,"array([30.2119254 ,  7.52787458])"
1280,T23F1.6,"array([25.46313115,  6.80743961])"
1281,T23G4.5,"array([31.03593372,  6.25531633])"
1282,T26E3.1,"array([30.33481018,  8.18589141])"
1283,W03C9.1,"array([29.55609758,  8.46232412])"
1284,W08E12.4,"array([30.61628167,  7.46100737])"
1285,W09G12.6,"array([30.62991634,  8.46482144])"
1286,Y113G7A.14,"array([30.93471646,  8.20072125])"
1287,Y22F5A.5,"array([29.91083128,  6.29194123])"
1288,Y37D8A.19,"array([29.41166067,  6.66259069])"
1289,Y38F1A.2,"array([30.77674948,  5.67114567])"
1290,Y38H6C.8,"array([29.99292238,  7.17382755])"
1291,Y39B6A.20,"array([30.12970717,  5.0562823 ])"
1292,Y43F8A.2,"array([29.81114848,  5.76950237])"
1293,Y47D3B.2,"array([29.11799228,  4.97743635])"
1294,Y47D7A.12,"array([31.55319268,  7.1281446 ])"
1295,Y52B11A.8,"array([30.28945784,  6.768149  ])"
1296,Y56A3A.21,"array([29.18004609,  7.4851209 ])"
1297,Y62E10A.13,"array([30.97970434,  4.6786147 ])"
1298,Y62H9A.6,"array([29.70429795,  8.86760252])"
1299,Y68A4A.10,"array([29.95542323,  8.36046506])"
1300,Y80D3A.10,"array([30.1576862 ,  5.50489613])"
1301,ZK1058.4,"array([31.80638079,  6.27538074])"
1302,ZK1320.10,"array([29.50666889,  6.0911008 ])"
1303,ZK488.10,"array([28.47240109,  6.10362084])"
1304,ZK970.7,"array([28.58923269,  7.15028034])"
1305,R06A4.4,"array([ 27.75522155, -23.5928896 ])"
1306,W02D3.11,"array([ 27.55415814, -22.92658145])"
1307,VF39H2L.1,"array([31.47729858, -1.15271291])"
1308,Y37D8A.1,"array([31.93590507, -0.80027095])"
1309,R06C7.5,"array([-3.51525407,  3.42468562])"
1310,R06F6.4,"array([23.94318259,  7.87664111])"
1311,R07B7.15,"array([16.88329032, -1.24178888])"
1312,R07E5.7,"array([-1.54027634, 13.32163653])"
1313,T01H3.1,"array([-1.2398679 , 13.91634582])"
1314,W04E12.2,"array([ -3.22309604, -10.7862552 ])"
1315,Y62H9A.5,"array([ -2.26944279, -11.78819967])"
1316,R09H10.3,"array([21.01424699,  5.18464527])"
1317,R107.7,"array([  5.78658131, -14.40819682])"
1318,T28A11.11,"array([  5.18925579, -14.07411536])"
1319,R10D12.14,"array([  8.2289354 , -21.24625447])"
1320,R119.2,"array([ 7.34203459, 27.05353812])"
1321,R119.7,"array([-2.8778986 , 15.97421698])"
1322,ZC308.1,"array([-2.35345217, 16.38943356])"
1323,R11A8.2,"array([19.88173145,  8.3490738 ])"
1324,Y25C1A.6,"array([15.89279391,  4.79907014])"
1325,ZC395.8,"array([16.47882334,  5.30294002])"
1326,R11E3.8,"array([ 1.68029661, -4.91525053])"
1327,Y46G5A.12,"array([ 2.06052389, -5.47717718])"
1328,Y38F1A.5,"array([ 17.43480718, -24.72445202])"
1329,R12A1.2,"array([23.97215102, -1.61895905])"
1330,R12E2.11,"array([35.06920415,  1.3527168 ])"
1331,R13A5.10,"array([31.52250802, 21.66102259])"
1332,R144.2,"array([ 32.83982922, -21.69862694])"
1333,Y57A10A.9,"array([ 33.07102763, -22.33948963])"
1334,R148.6,"array([23.06257527,  7.90075592])"
1335,R151.2,"array([ 4.41272857, 26.95119749])"
1336,W04G3.5,"array([ 4.88157316, 27.46947668])"
1337,W03C9.4,"array([26.72783625,  7.62707337])"
1338,R53.5,"array([16.08099131,  0.20004876])"
1339,T01B7.3,"array([19.35007193, -3.77754404])"
1340,T01B7.5,"array([25.87443133, -1.24084266])"
1341,Y75B8A.7,"array([27.18124597, -2.27558286])"
1342,T01C3.2,"array([25.2374631 , -0.15899721])"
1343,T01C3.9,"array([ 14.86957336, -21.21971705])"
1344,T19E10.1,"array([ 15.06746124, -20.5579209 ])"
1345,T01C8.1,"array([14.22957312,  6.38778905])"
1346,T01D1.2,"array([23.18804369, -1.50976539])"
1347,W03F9.2,"array([32.10723142,  1.93274798])"
1348,T04A8.16,"array([-2.82064436,  1.78062615])"
1349,Y55F3BR.6,"array([-3.10643681,  1.16687955])"
1350,Y46G5A.20,"array([26.81290206,  8.24567337])"
1351,T04H1.9,"array([10.07096866,  6.84235765])"
1352,T05A10.6,"array([35.32246209,  3.70904963])"
1353,T05A7.3,"array([23.79983402, -2.28097058])"
1354,T05B11.3,"array([19.8298245 , -4.11592492])"
1355,T05G5.10,"array([44.08813914, 17.38633132])"
1356,Y17G7B.4,"array([43.64154078, 17.91514941])"
1357,T06C12.14,"array([21.29922758,  7.77485051])"
1358,T06C12.6,"array([11.39576009,  5.79207037])"
1359,T06C12.7,"array([16.25863426, -0.26898669])"
1360,T06D8.3,"array([ 6.95852519, 25.97692517])"
1361,T07C12.7,"array([36.1655548 ,  1.40805824])"
1362,T07C4.3,"array([14.90051823,  4.04310357])"
1363,T07C4.9,"array([24.43205216, -1.69648653])"
1364,T07G12.11,"array([27.0764996 , -6.09241857])"
1365,T08E11.8,"array([25.09021813, 11.95594755])"
1366,T08G11.4,"array([ 9.52587733, -3.57335327])"
1367,T09E8.2,"array([  8.52740604, -17.12944205])"
1368,T12B3.1,"array([  8.3966974 , -17.79024454])"
1369,T10F2.4,"array([10.84577464,  6.83807791])"
1370,T12F5.1,"array([21.12383105,  7.2586013 ])"
1371,W01A8.1,"array([21.84613384,  8.45537565])"
1372,Y49E10.1,"array([20.40301388,  7.38928732])"
1373,Y55B1BR.2,"array([20.35869337,  9.09520068])"
1374,T17H7.4,"array([21.56235671,  1.14319488])"
1375,T12G3.1,"array([ 1.59650539, 11.93686545])"
1376,T13A10.2,"array([16.06137586, -1.19394038])"
1377,T13F2.3,"array([29.22536821, -0.90456632])"
1378,T14B4.6,"array([33.13129896,  4.15316856])"
1379,T14D7.3,"array([20.44494775, -4.30285227])"
1380,T14G8.2,"array([ 2.693783  , 25.16882825])"
1381,Y52E8A.2,"array([ 2.07860068, 24.86804721])"
1382,T15B7.4,"array([16.9798717,  0.7765784])"
1383,T24H5.1,"array([ 0.55652324, 10.70983551])"
1384,Y39C12A.9,"array([ 0.64013966, 11.7155569 ])"
1385,Y48A6B.4,"array([ 2.10101747, 11.09800192])"
1386,T19B4.5,"array([21.12301728, -7.38552457])"
1387,W03F11.1,"array([16.5775809 ,  9.56301902])"
1388,W07E6.4,"array([15.98952515,  9.539078  ])"
1389,T20B12.7,"array([11.89602437,  5.48050258])"
1390,T20B5.2,"array([ 43.55520254, -10.03701491])"
1391,T21C9.4,"array([ 44.01822375, -10.52333963])"
1392,T21B10.7,"array([ 9.15196971, -2.95771729])"
1393,T22C8.5,"array([28.59369482, -1.89278014])"
1394,T23B12.1,"array([25.29877496,  2.42747466])"
1395,T23F11.3,"array([24.68591  , 26.6845238])"
1396,T27E9.3,"array([25.05577424, 27.25534198])"
1397,T23G7.1,"array([19.08220816,  3.65820461])"
1398,Y48C3A.17,"array([17.63485805,  3.75423074])"
1399,T24D5.3,"array([25.74472029, -9.55210458])"
1400,T24E12.4,"array([9.54247905, 7.20327519])"
1401,T24F1.1,"array([28.43283107, 28.18005886])"
1402,Y24F12A.2,"array([27.82995224, 28.51276122])"
1403,T24F1.2,"array([27.47473481,  5.91760225])"
1404,T24H7.3,"array([  4.4787449 , -16.97939277])"
1405,Y110A7A.6,"array([  5.19115323, -16.98309954])"
1406,T25E12.5,"array([18.20589212, -1.61981337])"
1407,Y53F4B.3,"array([ 10.66468136, -15.70028136])"
1408,W02A11.3,"array([  7.11222631, -21.50767198])"
1409,T26C12.1,"array([18.02184377,  2.03274116])"
1410,T26H2.9,"array([26.1488642 , 14.71754744])"
1411,ZC97.1,"array([25.92050237, 13.39284188])"
1412,T27D12.4,"array([20.08103983,  3.91704607])"
1413,T27E4.2,"array([16.61611852, 26.34478544])"
1414,Y46H3A.2,"array([17.33403349, 26.37289486])"
1415,T28C6.3,"array([ 43.56270476, -13.54463715])"
1416,Y25C1A.7,"array([ 43.06000987, -14.07015379])"
1417,W02C12.3,"array([  4.95807912, -10.49659796])"
1418,Y17G9B.1,"array([  5.62534823, -10.62072185])"
1419,W02D9.2,"array([ 42.5570967 , -14.59192454])"
1420,W02G9.1,"array([44.29834365,  6.56367759])"
1421,W03C9.5,"array([12.04761672,  6.61651699])"
1422,W04E12.4,"array([ 38.64236106, -14.06120232])"
1423,Y71A12B.11,"array([ 38.41805008, -14.70142333])"
1424,W04E12.5,"array([44.75615145, 11.75256058])"
1425,W04G5.9,"array([25.68920178, -1.72762304])"
1426,W05H7.3,"array([ 14.3415414, -24.359534 ])"
1427,Y57A10A.16,"array([ 14.79782619, -23.85227182])"
1428,Y116A8C.35,"array([19.15175375,  3.19917519])"
1429,Y105C5B.13,"array([26.21902814, -6.346511  ])"
1430,Y54H5A.2,"array([24.55958809, 13.00214374])"
1431,Y51A2D.4,"array([35.18251562,  0.78015235])"
1432,ZK652.2,"array([35.11374856,  3.13568938])"
1433,W09D10.3,"array([16.84152446, 10.99140788])"
1434,Y47D3A.10,"array([25.64635302,  6.43481421])"
1435,Y51H4A.4,"array([25.21592917,  6.39647835])"
1436,Y53C12B.5,"array([25.96362191,  6.18434831])"
1437,ZK265.4,"array([26.26900772,  5.35203888])"
1438,Y105E8B.7,"array([19.70685599, 10.68109892])"
1439,Y106G6H.4,"array([ 46.0505293, -11.1246666])"
1440,Y111B2A.11,"array([18.94020302, -4.10647117])"
1441,Y113G7B.15,"array([20.42466411,  4.34779339])"
1442,Y43F11A.4,"array([23.87688987, 10.1831146 ])"
1443,ZK867.1,"array([13.48711869, -0.50588867])"
1444,Y17G7B.11,"array([23.45312699,  2.51901065])"
1445,Y17G7B.19,"array([17.81589417,  0.02631592])"
1446,Y48C3A.7,"array([17.87144279, -4.07865407])"
1447,ZK131.11,"array([ 26.59140297, -11.402106  ])"
1448,Y34D9A.4,"array([18.93324745, -3.58751496])"
1449,Y34D9A.7,"array([20.47569254,  3.58404684])"
1450,Y37D8A.17,"array([16.65281996,  0.99144073])"
1451,ZK1127.3,"array([11.80829409, 28.35462363])"
1452,Y37E11B.4,"array([9.80737743, 5.78610628])"
1453,Y39B6A.13,"array([26.55579099,  4.8322324 ])"
1454,Y46G5A.10,"array([10.89497808,  6.25913842])"
1455,Y71F9B.14,"array([10.14470697,  8.14374174])"
1456,ZK1010.7,"array([10.17881392,  4.83272389])"
1457,ZK328.7,"array([10.54726327,  5.20613821])"
1458,Y40B1B.5,"array([-3.2264048 , -6.11591944])"
1459,Y40C5A.1,"array([20.93733816, -6.83811236])"
1460,Y40C7B.4,"array([-4.12441714, -4.81683958])"
1461,Y65B4BL.4,"array([20.5168243 , -7.32488665])"
1462,ZC239.16,"array([20.34394714, -6.75563063])"
1463,Y43H11AL.3,"array([16.74863981, 11.87136312])"
1464,Y46H3A.3,"array([18.05203458, 26.47434663])"
1465,Y47D7A.5,"array([16.77198994, -0.83229392])"
1466,ZK512.4,"array([17.33501605, 11.2527981 ])"
1467,Y47G6A.22,"array([ 1.04996794, 19.37042163])"
1468,Y48A6B.11,"array([16.74975198,  3.47731807])"
1469,Y48A6B.7,"array([35.34205092, 20.24051777])"
1470,Y48E1C.2,"array([33.83240099, 27.14342863])"
1471,Y48G1A.4,"array([25.97356344,  0.35909155])"
1472,Y50E8A.9,"array([23.59365944, -1.83380237])"
1473,Y53C10A.4,"array([27.7026165 ,  5.44920561])"
1474,Y53C12B.3,"array([21.00654855,  4.79725558])"
1475,Y63D3A.5,"array([20.52490856,  6.07942853])"
1476,Y54E5A.5,"array([29.43551133, 15.11962365])"
1477,Y54G9A.6,"array([ 17.48480755, -21.27798508])"
1478,ZC328.4,"array([ 17.07029878, -21.80966993])"
1479,Y55F3AR.3,"array([ 4.90462404, 24.53000485])"
1480,ZK1320.1,"array([ 4.6439791 , 23.90371494])"
1481,ZK795.3,"array([16.86382667,  4.15215678])"
1482,Y59E9AL.6,"array([32.9131588 ,  4.76090391])"
1483,Y63D3A.4,"array([24.35425101,  6.09186525])"
1484,Y71F9AL.16,"array([17.94488984, -1.00878635])"
1485,Y71F9AL.5,"array([ 15.81826841, -18.21570307])"
1486,ZK512.5,"array([49.31861675,  5.76863991])"
1487,Y77E11A.2,"array([14.04659531, 23.09076955])"
1488,ZC168.5,"array([19.56039148, -2.98390917])"
1489,ZC168.6,"array([10.76604303,  0.65739134])"
1490,ZK546.4,"array([25.5814321 , -2.24000139])"
1491,ZK1058.3,"array([37.10856709, 21.76005767])"
1492,ZK353.6,"array([46.26915368,  5.98880488])"
1493,ZK507.6,"array([25.09920379, -9.67184661])"
1494,ZK678.1,"array([24.41130363,  7.80253342])"
1495,ZK938.2,"array([18.55567137, -3.84026347])"
